time,station,tl,rf
2026-03-01T00:00+00:00,17901,-1.1,91
2026-03-01T00:10+00:00,17901,-0.8,91
2026-03-01T00:20+00:00,17901,-0.6,91
2026-03-01T00:30+00:00,17901,-1.1,90
2026-03-01T00:40+00:00,17901,-0.8,90
2026-03-01T00:50+00:00,17901,-0.5,88
2026-03-01T01:00+00:00,17901,-0.7,90
2026-03-01T01:10+00:00,17901,-1.2,90
2026-03-01T01:20+00:00,17901,-1.4,90
2026-03-01T01:30+00:00,17901,-1.2,91
2026-03-01T01:40+00:00,17901,-1.2,90
2026-03-01T01:50+00:00,17901,-0.9,90
2026-03-01T02:00+00:00,17901,-1.4,91
2026-03-01T02:10+00:00,17901,-1.6,91
2026-03-01T02:20+00:00,17901,-1.6,90
2026-03-01T02:30+00:00,17901,-1.8,90
2026-03-01T02:40+00:00,17901,-1.6,93
2026-03-01T02:50+00:00,17901,-2.3,91
2026-03-01T03:00+00:00,17901,-2.2,91
2026-03-01T03:10+00:00,17901,-2.3,92
2026-03-01T03:20+00:00,17901,-1.9,91
2026-03-01T03:30+00:00,17901,-1.8,93
2026-03-01T03:40+00:00,17901,-2.5,91
2026-03-01T03:50+00:00,17901,-2.4,93
2026-03-01T04:00+00:00,17901,-2.6,92
2026-03-01T04:10+00:00,17901,-2.5,92
2026-03-01T04:20+00:00,17901,-2.6,92
2026-03-01T04:30+00:00,17901,-2.0,92
2026-03-01T04:40+00:00,17901,-2.6,91
2026-03-01T04:50+00:00,17901,-2.6,91
2026-03-01T05:00+00:00,17901,-2.2,92
2026-03-01T05:10+00:00,17901,-2.4,91
2026-03-01T05:20+00:00,17901,-2.5,92
2026-03-01T05:30+00:00,17901,-2.5,91
2026-03-01T05:40+00:00,17901,-3.2,91
2026-03-01T05:50+00:00,17901,-2.9,92
2026-03-01T06:00+00:00,17901,-2.6,92
2026-03-01T06:10+00:00,17901,-2.4,92
2026-03-01T06:20+00:00,17901,-2.3,91
2026-03-01T06:30+00:00,17901,-1.9,89
2026-03-01T06:40+00:00,17901,-2.2,88
2026-03-01T06:50+00:00,17901,-1.6,89
2026-03-01T07:00+00:00,17901,-1.4,89
2026-03-01T07:10+00:00,17901,-1.0,88
2026-03-01T07:20+00:00,17901,-0.3,88
2026-03-01T07:30+00:00,17901,0.1,86
2026-03-01T07:40+00:00,17901,0.6,85
2026-03-01T07:50+00:00,17901,1.4,83
2026-03-01T08:00+00:00,17901,2.1,78
2026-03-01T08:10+00:00,17901,3.0,77
2026-03-01T08:20+00:00,17901,4.2,72
2026-03-01T08:30+00:00,17901,4.3,71
2026-03-01T08:40+00:00,17901,4.5,69
2026-03-01T08:50+00:00,17901,5.0,67
2026-03-01T09:00+00:00,17901,5.6,64
2026-03-01T09:10+00:00,17901,6.0,64
2026-03-01T09:20+00:00,17901,5.8,64
2026-03-01T09:30+00:00,17901,6.3,62
2026-03-01T09:40+00:00,17901,6.3,60
2026-03-01T09:50+00:00,17901,7.0,57
2026-03-01T10:00+00:00,17901,6.8,58
2026-03-01T10:10+00:00,17901,7.5,58
2026-03-01T10:20+00:00,17901,7.9,54
2026-03-01T10:30+00:00,17901,8.0,55
2026-03-01T10:40+00:00,17901,8.1,54
2026-03-01T10:50+00:00,17901,8.4,52
2026-03-01T11:00+00:00,17901,7.9,53
2026-03-01T11:10+00:00,17901,7.9,53
2026-03-01T11:20+00:00,17901,8.5,53
2026-03-01T11:30+00:00,17901,8.5,53
2026-03-01T11:40+00:00,17901,8.3,51
2026-03-01T11:50+00:00,17901,8.4,52
2026-03-01T12:00+00:00,17901,8.5,51
2026-03-01T12:10+00:00,17901,8.4,51
2026-03-01T12:20+00:00,17901,8.8,51
2026-03-01T12:30+00:00,17901,9.4,49
2026-03-01T12:40+00:00,17901,9.9,47
2026-03-01T12:50+00:00,17901,9.8,48
2026-03-01T13:00+00:00,17901,10.1,47
2026-03-01T13:10+00:00,17901,10.6,47
2026-03-01T13:20+00:00,17901,11.2,46
2026-03-01T13:30+00:00,17901,11.6,46
2026-03-01T13:40+00:00,17901,11.5,46
2026-03-01T13:50+00:00,17901,11.9,44
2026-03-01T14:00+00:00,17901,11.7,46
2026-03-01T14:10+00:00,17901,11.8,46
2026-03-01T14:20+00:00,17901,12.1,47
2026-03-01T14:30+00:00,17901,12.2,47
2026-03-01T14:40+00:00,17901,12.3,46
2026-03-01T14:50+00:00,17901,12.0,49
2026-03-01T15:00+00:00,17901,11.8,49
2026-03-01T15:10+00:00,17901,11.6,50
2026-03-01T15:20+00:00,17901,11.2,51
2026-03-01T15:30+00:00,17901,11.2,51
2026-03-01T15:40+00:00,17901,10.7,53
2026-03-01T15:50+00:00,17901,10.4,54
2026-03-01T16:00+00:00,17901,10.5,54
2026-03-01T16:10+00:00,17901,9.6,57
2026-03-01T16:20+00:00,17901,9.4,58
2026-03-01T16:30+00:00,17901,9.2,58
2026-03-01T16:40+00:00,17901,8.4,61
2026-03-01T16:50+00:00,17901,9.0,59
2026-03-01T17:00+00:00,17901,8.7,61
2026-03-01T17:10+00:00,17901,8.4,61
2026-03-01T17:20+00:00,17901,7.9,63
2026-03-01T17:30+00:00,17901,7.7,64
2026-03-01T17:40+00:00,17901,7.0,67
2026-03-01T17:50+00:00,17901,7.0,67
2026-03-01T18:00+00:00,17901,6.3,70
2026-03-01T18:10+00:00,17901,5.7,73
2026-03-01T18:20+00:00,17901,5.6,74
2026-03-01T18:30+00:00,17901,6.0,73
2026-03-01T18:40+00:00,17901,6.0,73
2026-03-01T18:50+00:00,17901,5.5,74
2026-03-01T19:00+00:00,17901,5.5,74
2026-03-01T19:10+00:00,17901,5.0,76
2026-03-01T19:20+00:00,17901,4.7,78
2026-03-01T19:30+00:00,17901,4.4,79
2026-03-01T19:40+00:00,17901,4.3,79
2026-03-01T19:50+00:00,17901,3.9,80
2026-03-01T20:00+00:00,17901,4.0,80
2026-03-01T20:10+00:00,17901,3.6,82
2026-03-01T20:20+00:00,17901,4.0,80
2026-03-01T20:30+00:00,17901,3.2,83
2026-03-01T20:40+00:00,17901,3.3,83
2026-03-01T20:50+00:00,17901,3.6,82
2026-03-01T21:00+00:00,17901,3.3,83
2026-03-01T21:10+00:00,17901,3.2,84
2026-03-01T21:20+00:00,17901,3.0,85
2026-03-01T21:30+00:00,17901,3.1,84
2026-03-01T21:40+00:00,17901,3.4,83
2026-03-01T21:50+00:00,17901,3.3,83
2026-03-01T22:00+00:00,17901,3.1,84
2026-03-01T22:10+00:00,17901,3.2,84
2026-03-01T22:20+00:00,17901,3.8,81
2026-03-01T22:30+00:00,17901,3.3,83
2026-03-01T22:40+00:00,17901,3.4,83
2026-03-01T22:50+00:00,17901,3.2,84
2026-03-01T23:00+00:00,17901,3.0,84
2026-03-01T23:10+00:00,17901,3.0,85
2026-03-01T23:20+00:00,17901,3.1,84
2026-03-01T23:30+00:00,17901,3.0,84
2026-03-01T23:40+00:00,17901,2.7,85
2026-03-01T23:50+00:00,17901,2.8,85
2026-03-02T00:00+00:00,17901,2.7,85
2026-03-02T00:10+00:00,17901,2.8,86
2026-03-02T00:20+00:00,17901,2.7,86
2026-03-02T00:30+00:00,17901,2.9,85
2026-03-02T00:40+00:00,17901,3.1,84
2026-03-02T00:50+00:00,17901,3.1,84
2026-03-02T01:00+00:00,17901,3.1,85
2026-03-02T01:10+00:00,17901,2.9,85
2026-03-02T01:20+00:00,17901,2.9,85
2026-03-02T01:30+00:00,17901,2.8,86
2026-03-02T01:40+00:00,17901,2.9,85
2026-03-02T01:50+00:00,17901,3.0,85
2026-03-02T02:00+00:00,17901,2.9,85
2026-03-02T02:10+00:00,17901,2.9,85
2026-03-02T02:20+00:00,17901,2.8,85
2026-03-02T02:30+00:00,17901,2.9,85
2026-03-02T02:40+00:00,17901,2.7,86
2026-03-02T02:50+00:00,17901,2.7,86
2026-03-02T03:00+00:00,17901,2.9,86
2026-03-02T03:10+00:00,17901,2.8,85
2026-03-02T03:20+00:00,17901,2.6,86
2026-03-02T03:30+00:00,17901,2.8,86
2026-03-02T03:40+00:00,17901,2.9,86
2026-03-02T03:50+00:00,17901,2.7,86
2026-03-02T04:00+00:00,17901,2.7,86
2026-03-02T04:10+00:00,17901,2.3,87
2026-03-02T04:20+00:00,17901,2.5,87
2026-03-02T04:30+00:00,17901,2.6,87
2026-03-02T04:40+00:00,17901,2.5,88
2026-03-02T04:50+00:00,17901,2.6,87
2026-03-02T05:00+00:00,17901,2.4,88
2026-03-02T05:10+00:00,17901,2.8,86
2026-03-02T05:20+00:00,17901,2.8,86
2026-03-02T05:30+00:00,17901,2.2,88
2026-03-02T05:40+00:00,17901,2.2,89
2026-03-02T05:50+00:00,17901,2.4,88
2026-03-02T06:00+00:00,17901,2.4,88
2026-03-02T06:10+00:00,17901,2.4,88
2026-03-02T06:20+00:00,17901,2.4,88
2026-03-02T06:30+00:00,17901,2.5,88
2026-03-02T06:40+00:00,17901,2.6,87
2026-03-02T06:50+00:00,17901,2.7,87
2026-03-02T07:00+00:00,17901,2.7,87
2026-03-02T07:10+00:00,17901,2.9,87
2026-03-02T07:20+00:00,17901,3.2,85
2026-03-02T07:30+00:00,17901,3.1,86
2026-03-02T07:40+00:00,17901,3.3,85
2026-03-02T07:50+00:00,17901,3.4,84
2026-03-02T08:00+00:00,17901,3.8,83
2026-03-02T08:10+00:00,17901,3.9,83
2026-03-02T08:20+00:00,17901,4.1,82
2026-03-02T08:30+00:00,17901,4.5,80
2026-03-02T08:40+00:00,17901,4.9,79
2026-03-02T08:50+00:00,17901,5.3,78
2026-03-02T09:00+00:00,17901,5.6,77
2026-03-02T09:10+00:00,17901,5.8,74
2026-03-02T09:20+00:00,17901,6.2,72
2026-03-02T09:30+00:00,17901,6.9,70
2026-03-02T09:40+00:00,17901,6.9,70
2026-03-02T09:50+00:00,17901,7.2,68
2026-03-02T10:00+00:00,17901,7.5,67
2026-03-02T10:10+00:00,17901,7.6,67
2026-03-02T10:20+00:00,17901,8.2,65
2026-03-02T10:30+00:00,17901,8.0,63
2026-03-02T10:40+00:00,17901,8.4,62
2026-03-02T10:50+00:00,17901,8.7,62
2026-03-02T11:00+00:00,17901,9.3,60
2026-03-02T11:10+00:00,17901,9.2,60
2026-03-02T11:20+00:00,17901,9.3,59
2026-03-02T11:30+00:00,17901,9.7,58
2026-03-02T11:40+00:00,17901,10.1,57
2026-03-02T11:50+00:00,17901,10.1,57
2026-03-02T12:00+00:00,17901,10.4,56
2026-03-02T12:10+00:00,17901,10.7,55
2026-03-02T12:20+00:00,17901,11.0,56
2026-03-02T12:30+00:00,17901,10.3,56
2026-03-02T12:40+00:00,17901,10.7,56
2026-03-02T12:50+00:00,17901,10.7,56
2026-03-02T13:00+00:00,17901,10.4,56
2026-03-02T13:10+00:00,17901,10.5,55
2026-03-02T13:20+00:00,17901,10.6,54
2026-03-02T13:30+00:00,17901,10.6,55
2026-03-02T13:40+00:00,17901,10.6,55
2026-03-02T13:50+00:00,17901,10.3,55
2026-03-02T14:00+00:00,17901,10.1,57
2026-03-02T14:10+00:00,17901,10.0,57
2026-03-02T14:20+00:00,17901,10.2,56
2026-03-02T14:30+00:00,17901,10.0,57
2026-03-02T14:40+00:00,17901,9.6,59
2026-03-02T14:50+00:00,17901,9.4,59
2026-03-02T15:00+00:00,17901,9.3,61
2026-03-02T15:10+00:00,17901,9.5,60
2026-03-02T15:20+00:00,17901,9.9,58
2026-03-02T15:30+00:00,17901,9.8,58
2026-03-02T15:40+00:00,17901,9.9,58
2026-03-02T15:50+00:00,17901,9.9,58
2026-03-02T16:00+00:00,17901,9.4,62
2026-03-02T16:10+00:00,17901,9.3,61
2026-03-02T16:20+00:00,17901,8.3,67
2026-03-02T16:30+00:00,17901,8.5,66
2026-03-02T16:40+00:00,17901,8.6,63
2026-03-02T16:50+00:00,17901,7.7,68
2026-03-02T17:00+00:00,17901,6.8,70
2026-03-02T17:10+00:00,17901,7.2,70
2026-03-02T17:20+00:00,17901,6.4,74
2026-03-02T17:30+00:00,17901,6.1,75
2026-03-02T17:40+00:00,17901,6.1,75
2026-03-02T17:50+00:00,17901,6.0,76
2026-03-02T18:00+00:00,17901,5.9,77
2026-03-02T18:10+00:00,17901,5.7,77
2026-03-02T18:20+00:00,17901,5.7,77
2026-03-02T18:30+00:00,17901,6.1,74
2026-03-02T18:40+00:00,17901,5.8,76
2026-03-02T18:50+00:00,17901,5.7,76
2026-03-02T19:00+00:00,17901,5.3,77
2026-03-02T19:10+00:00,17901,5.2,77
2026-03-02T19:20+00:00,17901,5.4,77
2026-03-02T19:30+00:00,17901,5.8,77
2026-03-02T19:40+00:00,17901,6.0,77
2026-03-02T19:50+00:00,17901,5.8,77
2026-03-02T20:00+00:00,17901,5.6,78
2026-03-02T20:10+00:00,17901,6.1,80
2026-03-02T20:20+00:00,17901,5.7,81
2026-03-02T20:30+00:00,17901,5.9,83
2026-03-02T20:40+00:00,17901,5.8,83
2026-03-02T20:50+00:00,17901,5.8,84
2026-03-02T21:00+00:00,17901,5.9,85
2026-03-02T21:10+00:00,17901,5.5,86
2026-03-02T21:20+00:00,17901,5.2,84
2026-03-02T21:30+00:00,17901,5.1,84
2026-03-02T21:40+00:00,17901,4.6,86
2026-03-02T21:50+00:00,17901,4.2,88
2026-03-02T22:00+00:00,17901,3.9,89
2026-03-02T22:10+00:00,17901,4.1,90
2026-03-02T22:20+00:00,17901,3.9,91
2026-03-02T22:30+00:00,17901,3.8,92
2026-03-02T22:40+00:00,17901,3.9,92
2026-03-02T22:50+00:00,17901,4.1,91
2026-03-02T23:00+00:00,17901,3.7,92
2026-03-02T23:10+00:00,17901,3.8,92
2026-03-02T23:20+00:00,17901,3.6,93
2026-03-02T23:30+00:00,17901,3.8,93
2026-03-02T23:40+00:00,17901,3.7,93
2026-03-02T23:50+00:00,17901,3.3,94
2026-03-03T00:00+00:00,17901,3.6,94
2026-03-03T00:10+00:00,17901,4.0,93
2026-03-03T00:20+00:00,17901,3.4,93
2026-03-03T00:30+00:00,17901,3.5,93
2026-03-03T00:40+00:00,17901,3.6,93
2026-03-03T00:50+00:00,17901,3.7,93
2026-03-03T01:00+00:00,17901,3.7,93
2026-03-03T01:10+00:00,17901,3.2,93
2026-03-03T01:20+00:00,17901,3.1,94
2026-03-03T01:30+00:00,17901,3.2,94
2026-03-03T01:40+00:00,17901,2.9,94
2026-03-03T01:50+00:00,17901,3.0,94
2026-03-03T02:00+00:00,17901,3.2,94
2026-03-03T02:10+00:00,17901,3.3,93
2026-03-03T02:20+00:00,17901,3.4,93
2026-03-03T02:30+00:00,17901,2.9,93
2026-03-03T02:40+00:00,17901,2.7,94
2026-03-03T02:50+00:00,17901,2.5,95
2026-03-03T03:00+00:00,17901,2.6,95
2026-03-03T03:10+00:00,17901,2.7,95
2026-03-03T03:20+00:00,17901,2.7,95
2026-03-03T03:30+00:00,17901,2.8,94
2026-03-03T03:40+00:00,17901,2.9,94
2026-03-03T03:50+00:00,17901,2.6,94
2026-03-03T04:00+00:00,17901,2.3,94
2026-03-03T04:10+00:00,17901,2.2,95
2026-03-03T04:20+00:00,17901,2.4,95
2026-03-03T04:30+00:00,17901,1.9,95
2026-03-03T04:40+00:00,17901,2.1,95
2026-03-03T04:50+00:00,17901,2.6,95
2026-03-03T05:00+00:00,17901,2.1,94
2026-03-03T05:10+00:00,17901,1.9,95
2026-03-03T05:20+00:00,17901,1.8,95
2026-03-03T05:30+00:00,17901,1.9,95
2026-03-03T05:40+00:00,17901,2.1,95
2026-03-03T05:50+00:00,17901,2.2,95
2026-03-03T06:00+00:00,17901,2.0,94
2026-03-03T06:10+00:00,17901,1.7,95
2026-03-03T06:20+00:00,17901,2.2,95
2026-03-03T06:30+00:00,17901,2.5,94
2026-03-03T06:40+00:00,17901,2.1,94
2026-03-03T06:50+00:00,17901,2.2,94
2026-03-03T07:00+00:00,17901,2.8,93
2026-03-03T07:10+00:00,17901,3.1,92
2026-03-03T07:20+00:00,17901,3.5,90
2026-03-03T07:30+00:00,17901,4.0,88
2026-03-03T07:40+00:00,17901,4.7,86
2026-03-03T07:50+00:00,17901,5.7,80
2026-03-03T08:00+00:00,17901,6.5,77
2026-03-03T08:10+00:00,17901,6.7,77
2026-03-03T08:20+00:00,17901,7.5,74
2026-03-03T08:30+00:00,17901,8.3,69
2026-03-03T08:40+00:00,17901,8.2,69
2026-03-03T08:50+00:00,17901,8.5,67
2026-03-03T09:00+00:00,17901,8.8,66
2026-03-03T09:10+00:00,17901,9.2,63
2026-03-03T09:20+00:00,17901,9.9,60
2026-03-03T09:30+00:00,17901,9.4,61
2026-03-03T09:40+00:00,17901,10.1,59
2026-03-03T09:50+00:00,17901,10.3,58
2026-03-03T10:00+00:00,17901,10.9,57
2026-03-03T10:10+00:00,17901,10.9,57
2026-03-03T10:20+00:00,17901,11.5,55
2026-03-03T10:30+00:00,17901,11.8,54
2026-03-03T10:40+00:00,17901,10.8,56
2026-03-03T10:50+00:00,17901,10.2,58
2026-03-03T11:00+00:00,17901,10.1,59
2026-03-03T11:10+00:00,17901,9.2,63
2026-03-03T11:20+00:00,17901,9.1,63
2026-03-03T11:30+00:00,17901,9.4,62
2026-03-03T11:40+00:00,17901,9.4,62
2026-03-03T11:50+00:00,17901,10.7,54
2026-03-03T12:00+00:00,17901,11.5,49
2026-03-03T12:10+00:00,17901,12.2,45
2026-03-03T12:20+00:00,17901,12.4,44
2026-03-03T12:30+00:00,17901,11.9,44
2026-03-03T12:40+00:00,17901,11.6,46
2026-03-03T12:50+00:00,17901,11.6,47
2026-03-03T13:00+00:00,17901,11.8,50
2026-03-03T13:10+00:00,17901,11.7,50
2026-03-03T13:20+00:00,17901,12.2,48
2026-03-03T13:30+00:00,17901,12.1,45
2026-03-03T13:40+00:00,17901,11.8,46
2026-03-03T13:50+00:00,17901,12.0,45
2026-03-03T14:00+00:00,17901,12.2,45
2026-03-03T14:10+00:00,17901,12.2,46
2026-03-03T14:20+00:00,17901,12.3,45
2026-03-03T14:30+00:00,17901,12.1,46
2026-03-03T14:40+00:00,17901,11.8,46
2026-03-03T14:50+00:00,17901,10.9,48
2026-03-03T15:00+00:00,17901,10.8,50
2026-03-03T15:10+00:00,17901,10.8,51
2026-03-03T15:20+00:00,17901,10.2,54
2026-03-03T15:30+00:00,17901,9.6,57
2026-03-03T15:40+00:00,17901,9.7,57
2026-03-03T15:50+00:00,17901,9.6,58
2026-03-03T16:00+00:00,17901,9.5,58
2026-03-03T16:10+00:00,17901,9.2,59
2026-03-03T16:20+00:00,17901,8.5,62
2026-03-03T16:30+00:00,17901,8.4,63
2026-03-03T16:40+00:00,17901,8.0,64
2026-03-03T16:50+00:00,17901,7.6,66
2026-03-03T17:00+00:00,17901,7.1,68
2026-03-03T17:10+00:00,17901,7.2,67
2026-03-03T17:20+00:00,17901,7.0,69
2026-03-03T17:30+00:00,17901,6.4,70
2026-03-03T17:40+00:00,17901,6.2,72
2026-03-03T17:50+00:00,17901,5.6,73
2026-03-03T18:00+00:00,17901,5.0,75
2026-03-03T18:10+00:00,17901,4.7,76
2026-03-03T18:20+00:00,17901,3.9,79
2026-03-03T18:30+00:00,17901,4.0,79
2026-03-03T18:40+00:00,17901,3.9,79
2026-03-03T18:50+00:00,17901,3.5,81
2026-03-03T19:00+00:00,17901,3.4,81
2026-03-03T19:10+00:00,17901,3.3,82
2026-03-03T19:20+00:00,17901,3.1,81
2026-03-03T19:30+00:00,17901,2.3,82
2026-03-03T19:40+00:00,17901,2.1,85
2026-03-03T19:50+00:00,17901,2.3,85
2026-03-03T20:00+00:00,17901,2.1,85
2026-03-03T20:10+00:00,17901,1.5,85
2026-03-03T20:20+00:00,17901,1.5,87
2026-03-03T20:30+00:00,17901,1.6,87
2026-03-03T20:40+00:00,17901,1.6,87
2026-03-03T20:50+00:00,17901,1.4,88
2026-03-03T21:00+00:00,17901,1.5,89
2026-03-03T21:10+00:00,17901,1.2,88
2026-03-03T21:20+00:00,17901,1.3,88
2026-03-03T21:30+00:00,17901,1.4,88
2026-03-03T21:40+00:00,17901,1.9,86
2026-03-03T21:50+00:00,17901,1.4,87
2026-03-03T22:00+00:00,17901,1.8,87
2026-03-03T22:10+00:00,17901,1.6,87
2026-03-03T22:20+00:00,17901,1.5,86
2026-03-03T22:30+00:00,17901,1.0,89
2026-03-03T22:40+00:00,17901,0.8,89
2026-03-03T22:50+00:00,17901,0.6,90
2026-03-03T23:00+00:00,17901,0.7,90
2026-03-03T23:10+00:00,17901,0.7,88
2026-03-03T23:20+00:00,17901,0.6,91
2026-03-03T23:30+00:00,17901,0.4,90
2026-03-03T23:40+00:00,17901,0.3,90
2026-03-03T23:50+00:00,17901,0.4,90
2026-03-04T00:00+00:00,17901,0.4,90
2026-03-04T00:10+00:00,17901,0.1,91
2026-03-04T00:20+00:00,17901,0.1,92
2026-03-04T00:30+00:00,17901,0.0,90
2026-03-04T00:40+00:00,17901,0.0,93
2026-03-04T00:50+00:00,17901,-0.7,92
2026-03-04T01:00+00:00,17901,-0.7,92
2026-03-04T01:10+00:00,17901,-0.7,93
2026-03-04T01:20+00:00,17901,-0.9,92
2026-03-04T01:30+00:00,17901,-1.2,92
2026-03-04T01:40+00:00,17901,-1.3,93
2026-03-04T01:50+00:00,17901,-1.6,93
2026-03-04T02:00+00:00,17901,-1.5,93
2026-03-04T02:10+00:00,17901,-1.4,93
2026-03-04T02:20+00:00,17901,-1.4,93
2026-03-04T02:30+00:00,17901,-1.4,94
2026-03-04T02:40+00:00,17901,-1.8,92
2026-03-04T02:50+00:00,17901,-1.6,93
2026-03-04T03:00+00:00,17901,-1.9,93
2026-03-04T03:10+00:00,17901,-1.6,93
2026-03-04T03:20+00:00,17901,-1.5,93
2026-03-04T03:30+00:00,17901,-2.0,94
2026-03-04T03:40+00:00,17901,-2.1,93
2026-03-04T03:50+00:00,17901,-2.2,93
2026-03-04T04:00+00:00,17901,-1.7,92
2026-03-04T04:10+00:00,17901,-2.3,91
2026-03-04T04:20+00:00,17901,-2.0,91
2026-03-04T04:30+00:00,17901,-2.2,93
2026-03-04T04:40+00:00,17901,-2.1,93
2026-03-04T04:50+00:00,17901,-2.6,92
2026-03-04T05:00+00:00,17901,-2.4,92
2026-03-04T05:10+00:00,17901,-2.2,94
2026-03-04T05:20+00:00,17901,-2.5,94
2026-03-04T05:30+00:00,17901,-2.3,94
2026-03-04T05:40+00:00,17901,-2.2,93
2026-03-04T05:50+00:00,17901,-2.7,92
2026-03-04T06:00+00:00,17901,-2.7,93
2026-03-04T06:10+00:00,17901,-2.4,92
2026-03-04T06:20+00:00,17901,-2.5,92
2026-03-04T06:30+00:00,17901,-2.3,93
2026-03-04T06:40+00:00,17901,-2.1,91
2026-03-04T06:50+00:00,17901,-1.6,91
2026-03-04T07:00+00:00,17901,-1.3,91
2026-03-04T07:10+00:00,17901,-0.9,91
2026-03-04T07:20+00:00,17901,-0.1,88
2026-03-04T07:30+00:00,17901,0.4,86
2026-03-04T07:40+00:00,17901,1.9,84
2026-03-04T07:50+00:00,17901,2.5,78
2026-03-04T08:00+00:00,17901,3.2,75
2026-03-04T08:10+00:00,17901,4.3,71
2026-03-04T08:20+00:00,17901,4.9,67
2026-03-04T08:30+00:00,17901,5.5,65
2026-03-04T08:40+00:00,17901,5.2,69
2026-03-04T08:50+00:00,17901,6.4,61
2026-03-04T09:00+00:00,17901,6.8,61
2026-03-04T09:10+00:00,17901,7.8,57
2026-03-04T09:20+00:00,17901,7.4,57
2026-03-04T09:30+00:00,17901,8.0,56
2026-03-04T09:40+00:00,17901,8.4,53
2026-03-04T09:50+00:00,17901,8.8,53
2026-03-04T10:00+00:00,17901,8.9,53
2026-03-04T10:10+00:00,17901,9.4,51
2026-03-04T10:20+00:00,17901,9.5,52
2026-03-04T10:30+00:00,17901,9.6,50
2026-03-04T10:40+00:00,17901,10.0,51
2026-03-04T10:50+00:00,17901,10.3,48
2026-03-04T11:00+00:00,17901,10.1,49
2026-03-04T11:10+00:00,17901,9.9,50
2026-03-04T11:20+00:00,17901,10.3,48
2026-03-04T11:30+00:00,17901,10.5,45
2026-03-04T11:40+00:00,17901,10.7,47
2026-03-04T11:50+00:00,17901,10.7,46
2026-03-04T12:00+00:00,17901,10.8,47
2026-03-04T12:10+00:00,17901,11.2,44
2026-03-04T12:20+00:00,17901,11.6,42
2026-03-04T12:30+00:00,17901,11.8,40
2026-03-04T12:40+00:00,17901,12.1,39
2026-03-04T12:50+00:00,17901,12.6,39
2026-03-04T13:00+00:00,17901,12.7,39
2026-03-04T13:10+00:00,17901,12.9,35
2026-03-04T13:20+00:00,17901,12.8,34
2026-03-04T13:30+00:00,17901,12.7,38
2026-03-04T13:40+00:00,17901,12.8,37
2026-03-04T13:50+00:00,17901,12.6,39
2026-03-04T14:00+00:00,17901,12.5,39
2026-03-04T14:10+00:00,17901,12.9,40
2026-03-04T14:20+00:00,17901,13.1,41
2026-03-04T14:30+00:00,17901,13.2,39
2026-03-04T14:40+00:00,17901,12.9,39
2026-03-04T14:50+00:00,17901,13.2,39
2026-03-04T15:00+00:00,17901,13.4,40
2026-03-04T15:10+00:00,17901,12.9,40
2026-03-04T15:20+00:00,17901,12.4,44
2026-03-04T15:30+00:00,17901,12.4,43
2026-03-04T15:40+00:00,17901,12.6,42
2026-03-04T15:50+00:00,17901,11.1,45
2026-03-04T16:00+00:00,17901,10.7,44
2026-03-04T16:10+00:00,17901,10.0,47
2026-03-04T16:20+00:00,17901,9.0,52
2026-03-04T16:30+00:00,17901,8.3,57
2026-03-04T16:40+00:00,17901,7.5,56
2026-03-04T16:50+00:00,17901,6.7,62
2026-03-04T17:00+00:00,17901,6.6,62
2026-03-04T17:10+00:00,17901,6.2,64
2026-03-04T17:20+00:00,17901,6.2,62
2026-03-04T17:30+00:00,17901,5.4,66
2026-03-04T17:40+00:00,17901,5.1,68
2026-03-04T17:50+00:00,17901,4.5,69
2026-03-04T18:00+00:00,17901,4.3,70
2026-03-04T18:10+00:00,17901,3.8,72
2026-03-04T18:20+00:00,17901,3.3,73
2026-03-04T18:30+00:00,17901,3.4,72
2026-03-04T18:40+00:00,17901,3.4,72
2026-03-04T18:50+00:00,17901,2.8,75
2026-03-04T19:00+00:00,17901,2.6,76
2026-03-04T19:10+00:00,17901,2.6,74
2026-03-04T19:20+00:00,17901,1.9,79
2026-03-04T19:30+00:00,17901,1.6,78
2026-03-04T19:40+00:00,17901,2.1,78
2026-03-04T19:50+00:00,17901,2.1,77
2026-03-04T20:00+00:00,17901,2.2,76
2026-03-04T20:10+00:00,17901,2.0,77
2026-03-04T20:20+00:00,17901,1.4,80
2026-03-04T20:30+00:00,17901,0.9,81
2026-03-04T20:40+00:00,17901,1.3,79
2026-03-04T20:50+00:00,17901,0.9,81
2026-03-04T21:00+00:00,17901,0.8,81
2026-03-04T21:10+00:00,17901,0.6,81
2026-03-04T21:20+00:00,17901,0.8,81
2026-03-04T21:30+00:00,17901,0.4,83
2026-03-04T21:40+00:00,17901,0.1,83
2026-03-04T21:50+00:00,17901,0.2,84
2026-03-04T22:00+00:00,17901,0.1,83
2026-03-04T22:10+00:00,17901,-0.2,84
2026-03-04T22:20+00:00,17901,0.0,82
2026-03-04T22:30+00:00,17901,-0.2,81
2026-03-04T22:40+00:00,17901,-0.3,81
2026-03-04T22:50+00:00,17901,-0.1,80
2026-03-04T23:00+00:00,17901,-0.1,79
2026-03-04T23:10+00:00,17901,-0.6,80
2026-03-04T23:20+00:00,17901,-0.5,80
2026-03-04T23:30+00:00,17901,-0.4,80
2026-03-04T23:40+00:00,17901,-0.4,79
2026-03-04T23:50+00:00,17901,-0.8,83
2026-03-05T00:00+00:00,17901,0.6,75
2026-03-05T00:10+00:00,17901,-0.9,82
2026-03-05T00:20+00:00,17901,-0.8,80
2026-03-05T00:30+00:00,17901,-0.9,80
2026-03-05T00:40+00:00,17901,-1.7,81
2026-03-05T00:50+00:00,17901,-1.5,83
2026-03-05T01:00+00:00,17901,-1.8,83
2026-03-05T01:10+00:00,17901,-1.6,84
2026-03-05T01:20+00:00,17901,-2.0,85
2026-03-05T01:30+00:00,17901,-2.1,85
2026-03-05T01:40+00:00,17901,-2.0,85
2026-03-05T01:50+00:00,17901,-1.9,82
2026-03-05T02:00+00:00,17901,-1.7,80
2026-03-05T02:10+00:00,17901,-1.4,81
2026-03-05T02:20+00:00,17901,-2.0,81
2026-03-05T02:30+00:00,17901,-2.3,81
2026-03-05T02:40+00:00,17901,-2.6,82
2026-03-05T02:50+00:00,17901,-2.4,82
2026-03-05T03:00+00:00,17901,-2.1,80
2026-03-05T03:10+00:00,17901,-2.5,80
2026-03-05T03:20+00:00,17901,-2.0,79
2026-03-05T03:30+00:00,17901,-2.5,80
2026-03-05T03:40+00:00,17901,-2.6,81
2026-03-05T03:50+00:00,17901,-2.6,81
2026-03-05T04:00+00:00,17901,-2.6,80
2026-03-05T04:10+00:00,17901,-2.7,81
2026-03-05T04:20+00:00,17901,-2.9,81
2026-03-05T04:30+00:00,17901,-2.9,81
2026-03-05T04:40+00:00,17901,-3.0,82
2026-03-05T04:50+00:00,17901,-3.1,82
2026-03-05T05:00+00:00,17901,-3.2,83
2026-03-05T05:10+00:00,17901,-3.0,85
2026-03-05T05:20+00:00,17901,-3.3,86
2026-03-05T05:30+00:00,17901,-3.7,86
2026-03-05T05:40+00:00,17901,-3.5,84
2026-03-05T05:50+00:00,17901,-3.9,85
2026-03-05T06:00+00:00,17901,-3.8,85
2026-03-05T06:10+00:00,17901,-3.6,86
2026-03-05T06:20+00:00,17901,-4.0,87
2026-03-05T06:30+00:00,17901,-4.1,88
2026-03-05T06:40+00:00,17901,-3.4,86
2026-03-05T06:50+00:00,17901,-3.5,85
2026-03-05T07:00+00:00,17901,-2.7,84
2026-03-05T07:10+00:00,17901,-2.1,82
2026-03-05T07:20+00:00,17901,-1.1,76
2026-03-05T07:30+00:00,17901,-0.6,75
2026-03-05T07:40+00:00,17901,1.2,71
2026-03-05T07:50+00:00,17901,2.7,64
2026-03-05T08:00+00:00,17901,3.2,63
2026-03-05T08:10+00:00,17901,4.0,60
2026-03-05T08:20+00:00,17901,4.3,57
2026-03-05T08:30+00:00,17901,4.7,57
2026-03-05T08:40+00:00,17901,5.4,52
2026-03-05T08:50+00:00,17901,5.7,50
2026-03-05T09:00+00:00,17901,6.0,49
2026-03-05T09:10+00:00,17901,5.4,45
2026-03-05T09:20+00:00,17901,6.2,48
2026-03-05T09:30+00:00,17901,6.4,44
2026-03-05T09:40+00:00,17901,7.1,42
2026-03-05T09:50+00:00,17901,7.8,41
2026-03-05T10:00+00:00,17901,8.0,41
2026-03-05T10:10+00:00,17901,8.0,41
2026-03-05T10:20+00:00,17901,8.9,40
2026-03-05T10:30+00:00,17901,9.2,38
2026-03-05T10:40+00:00,17901,9.3,40
2026-03-05T10:50+00:00,17901,9.6,39
2026-03-05T11:00+00:00,17901,9.3,40
2026-03-05T11:10+00:00,17901,9.7,39
2026-03-05T11:20+00:00,17901,10.0,38
2026-03-05T11:30+00:00,17901,10.2,39
2026-03-05T11:40+00:00,17901,10.7,37
2026-03-05T11:50+00:00,17901,10.7,39
2026-03-05T12:00+00:00,17901,10.5,38
2026-03-05T12:10+00:00,17901,11.0,35
2026-03-05T12:20+00:00,17901,11.5,37
2026-03-05T12:30+00:00,17901,11.7,33
2026-03-05T12:40+00:00,17901,12.3,31
2026-03-05T12:50+00:00,17901,12.5,30
2026-03-05T13:00+00:00,17901,12.6,30
2026-03-05T13:10+00:00,17901,12.7,30
2026-03-05T13:20+00:00,17901,13.0,30
2026-03-05T13:30+00:00,17901,13.1,31
2026-03-05T13:40+00:00,17901,13.1,31
2026-03-05T13:50+00:00,17901,13.2,30
2026-03-05T14:00+00:00,17901,13.4,30
2026-03-05T14:10+00:00,17901,13.3,32
2026-03-05T14:20+00:00,17901,13.4,31
2026-03-05T14:30+00:00,17901,13.5,31
2026-03-05T14:40+00:00,17901,13.8,31
2026-03-05T14:50+00:00,17901,14.1,31
2026-03-05T15:00+00:00,17901,14.0,32
2026-03-05T15:10+00:00,17901,13.5,34
2026-03-05T15:20+00:00,17901,13.5,36
2026-03-05T15:30+00:00,17901,13.5,34
2026-03-05T15:40+00:00,17901,13.2,37
2026-03-05T15:50+00:00,17901,12.3,39
2026-03-05T16:00+00:00,17901,11.6,42
2026-03-05T16:10+00:00,17901,11.0,49
2026-03-05T16:20+00:00,17901,9.8,50
2026-03-05T16:30+00:00,17901,9.2,52
2026-03-05T16:40+00:00,17901,8.5,55
2026-03-05T16:50+00:00,17901,7.5,60
2026-03-05T17:00+00:00,17901,6.9,61
2026-03-05T17:10+00:00,17901,6.6,63
2026-03-05T17:20+00:00,17901,5.8,65
2026-03-05T17:30+00:00,17901,6.3,62
2026-03-05T17:40+00:00,17901,6.3,61
2026-03-05T17:50+00:00,17901,5.7,65
2026-03-05T18:00+00:00,17901,5.6,65
2026-03-05T18:10+00:00,17901,5.1,67
2026-03-05T18:20+00:00,17901,4.6,70
2026-03-05T18:30+00:00,17901,4.2,70
2026-03-05T18:40+00:00,17901,4.3,69
2026-03-05T18:50+00:00,17901,3.6,72
2026-03-05T19:00+00:00,17901,3.3,74
2026-03-05T19:10+00:00,17901,3.1,74
2026-03-05T19:20+00:00,17901,3.2,75
2026-03-05T19:30+00:00,17901,2.6,75
2026-03-05T19:40+00:00,17901,2.6,77
2026-03-05T19:50+00:00,17901,2.1,79
2026-03-05T20:00+00:00,17901,1.8,79
2026-03-05T20:10+00:00,17901,2.1,79
2026-03-05T20:20+00:00,17901,1.8,78
2026-03-05T20:30+00:00,17901,2.0,80
2026-03-05T20:40+00:00,17901,2.3,77
2026-03-05T20:50+00:00,17901,1.5,81
2026-03-05T21:00+00:00,17901,1.5,79
2026-03-05T21:10+00:00,17901,1.5,79
2026-03-05T21:20+00:00,17901,1.9,79
2026-03-05T21:30+00:00,17901,1.7,79
2026-03-05T21:40+00:00,17901,1.4,78
2026-03-05T21:50+00:00,17901,1.3,79
2026-03-05T22:00+00:00,17901,1.1,79
2026-03-05T22:10+00:00,17901,1.2,79
2026-03-05T22:20+00:00,17901,1.1,80
2026-03-05T22:30+00:00,17901,0.4,80
2026-03-05T22:40+00:00,17901,0.7,81
2026-03-05T22:50+00:00,17901,0.6,80
2026-03-05T23:00+00:00,17901,0.6,81
2026-03-05T23:10+00:00,17901,0.3,81
2026-03-05T23:20+00:00,17901,0.0,82
2026-03-05T23:30+00:00,17901,0.2,81
2026-03-05T23:40+00:00,17901,0.2,81
2026-03-05T23:50+00:00,17901,-0.3,82
2026-03-06T00:00+00:00,17901,-0.2,83
2026-03-06T00:10+00:00,17901,-0.4,81
2026-03-06T00:20+00:00,17901,-0.3,81
2026-03-06T00:30+00:00,17901,-0.3,82
2026-03-06T00:40+00:00,17901,-0.2,81
2026-03-06T00:50+00:00,17901,-0.3,82
2026-03-06T01:00+00:00,17901,-0.6,83
2026-03-06T01:10+00:00,17901,-0.6,81
2026-03-06T01:20+00:00,17901,-0.7,83
2026-03-06T01:30+00:00,17901,-0.9,82
2026-03-06T01:40+00:00,17901,-0.9,82
2026-03-06T01:50+00:00,17901,-1.1,83
2026-03-06T02:00+00:00,17901,-1.3,83
2026-03-06T02:10+00:00,17901,-1.1,83
2026-03-06T02:20+00:00,17901,-1.5,83
2026-03-06T02:30+00:00,17901,-1.7,84
2026-03-06T02:40+00:00,17901,-1.8,85
2026-03-06T02:50+00:00,17901,-1.6,84
2026-03-06T03:00+00:00,17901,-1.2,83
2026-03-06T03:10+00:00,17901,-1.6,84
2026-03-06T03:20+00:00,17901,-1.7,85
2026-03-06T03:30+00:00,17901,-1.8,85
2026-03-06T03:40+00:00,17901,-1.8,83
2026-03-06T03:50+00:00,17901,-1.6,84
2026-03-06T04:00+00:00,17901,-1.9,85
2026-03-06T04:10+00:00,17901,-1.6,84
2026-03-06T04:20+00:00,17901,-2.3,85
2026-03-06T04:30+00:00,17901,-2.4,86
2026-03-06T04:40+00:00,17901,-2.3,86
2026-03-06T04:50+00:00,17901,-2.7,86
2026-03-06T05:00+00:00,17901,-2.7,87
2026-03-06T05:10+00:00,17901,-2.8,87
2026-03-06T05:20+00:00,17901,-2.4,86
2026-03-06T05:30+00:00,17901,-2.1,84
2026-03-06T05:40+00:00,17901,-2.2,86
2026-03-06T05:50+00:00,17901,-2.6,87
2026-03-06T06:00+00:00,17901,-2.6,86
2026-03-06T06:10+00:00,17901,-2.4,86
2026-03-06T06:20+00:00,17901,-2.0,84
2026-03-06T06:30+00:00,17901,-1.9,83
2026-03-06T06:40+00:00,17901,-1.8,83
2026-03-06T06:50+00:00,17901,-1.4,82
2026-03-06T07:00+00:00,17901,-0.7,80
2026-03-06T07:10+00:00,17901,-0.1,79
2026-03-06T07:20+00:00,17901,0.7,76
2026-03-06T07:30+00:00,17901,1.1,76
2026-03-06T07:40+00:00,17901,2.0,71
2026-03-06T07:50+00:00,17901,3.4,67
2026-03-06T08:00+00:00,17901,4.6,62
2026-03-06T08:10+00:00,17901,4.8,60
2026-03-06T08:20+00:00,17901,5.4,58
2026-03-06T08:30+00:00,17901,5.8,57
2026-03-06T08:40+00:00,17901,6.2,54
2026-03-06T08:50+00:00,17901,6.5,56
2026-03-06T09:00+00:00,17901,6.5,55
2026-03-06T09:10+00:00,17901,7.1,53
2026-03-06T09:20+00:00,17901,7.4,52
2026-03-06T09:30+00:00,17901,8.0,49
2026-03-06T09:40+00:00,17901,8.0,48
2026-03-06T09:50+00:00,17901,8.6,46
2026-03-06T10:00+00:00,17901,9.2,45
2026-03-06T10:10+00:00,17901,8.8,45
2026-03-06T10:20+00:00,17901,9.3,45
2026-03-06T10:30+00:00,17901,9.5,42
2026-03-06T10:40+00:00,17901,9.7,42
2026-03-06T10:50+00:00,17901,10.4,42
2026-03-06T11:00+00:00,17901,10.1,41
2026-03-06T11:10+00:00,17901,10.3,40
2026-03-06T11:20+00:00,17901,10.8,40
2026-03-06T11:30+00:00,17901,11.2,38
2026-03-06T11:40+00:00,17901,11.6,38
2026-03-06T11:50+00:00,17901,12.2,37
2026-03-06T12:00+00:00,17901,12.2,35
2026-03-06T12:10+00:00,17901,12.5,35
2026-03-06T12:20+00:00,17901,12.9,35
2026-03-06T12:30+00:00,17901,12.9,32
2026-03-06T12:40+00:00,17901,13.0,33
2026-03-06T12:50+00:00,17901,13.0,36
2026-03-06T13:00+00:00,17901,13.0,36
2026-03-06T13:10+00:00,17901,13.3,35
2026-03-06T13:20+00:00,17901,13.8,35
2026-03-06T13:30+00:00,17901,13.9,35
2026-03-06T13:40+00:00,17901,14.2,34
2026-03-06T13:50+00:00,17901,14.4,33
2026-03-06T14:00+00:00,17901,14.4,34
2026-03-06T14:10+00:00,17901,14.4,35
2026-03-06T14:20+00:00,17901,14.4,34
2026-03-06T14:30+00:00,17901,14.6,34
2026-03-06T14:40+00:00,17901,14.7,36
2026-03-06T14:50+00:00,17901,14.6,34
2026-03-06T15:00+00:00,17901,14.2,35
2026-03-06T15:10+00:00,17901,14.7,32
2026-03-06T15:20+00:00,17901,14.4,35
2026-03-06T15:30+00:00,17901,14.3,34
2026-03-06T15:40+00:00,17901,14.4,35
2026-03-06T15:50+00:00,17901,14.2,34
2026-03-06T16:00+00:00,17901,13.7,36
2026-03-06T16:10+00:00,17901,13.2,38
2026-03-06T16:20+00:00,17901,12.2,42
2026-03-06T16:30+00:00,17901,11.5,43
2026-03-06T16:40+00:00,17901,11.1,45
2026-03-06T16:50+00:00,17901,10.9,45
2026-03-06T17:00+00:00,17901,9.5,51
2026-03-06T17:10+00:00,17901,9.4,50
2026-03-06T17:20+00:00,17901,8.3,55
2026-03-06T17:30+00:00,17901,7.7,59
2026-03-06T17:40+00:00,17901,7.9,58
2026-03-06T17:50+00:00,17901,7.9,58
2026-03-06T18:00+00:00,17901,7.6,60
2026-03-06T18:10+00:00,17901,6.6,64
2026-03-06T18:20+00:00,17901,6.8,63
2026-03-06T18:30+00:00,17901,5.8,66
2026-03-06T18:40+00:00,17901,6.2,65
2026-03-06T18:50+00:00,17901,5.8,65
2026-03-06T19:00+00:00,17901,5.4,69
2026-03-06T19:10+00:00,17901,5.5,68
2026-03-06T19:20+00:00,17901,5.1,69
2026-03-06T19:30+00:00,17901,4.4,72
2026-03-06T19:40+00:00,17901,4.2,73
2026-03-06T19:50+00:00,17901,3.9,75
2026-03-06T20:00+00:00,17901,3.4,77
2026-03-06T20:10+00:00,17901,3.5,76
2026-03-06T20:20+00:00,17901,3.1,77
2026-03-06T20:30+00:00,17901,2.4,79
2026-03-06T20:40+00:00,17901,2.7,79
2026-03-06T20:50+00:00,17901,2.5,80
2026-03-06T21:00+00:00,17901,2.4,79
2026-03-06T21:10+00:00,17901,1.9,81
2026-03-06T21:20+00:00,17901,1.8,80
2026-03-06T21:30+00:00,17901,1.9,82
2026-03-06T21:40+00:00,17901,2.1,81
2026-03-06T21:50+00:00,17901,1.2,84
2026-03-06T22:00+00:00,17901,1.3,84
2026-03-06T22:10+00:00,17901,1.3,83
2026-03-06T22:20+00:00,17901,1.2,82
2026-03-06T22:30+00:00,17901,1.3,83
2026-03-06T22:40+00:00,17901,1.4,82
2026-03-06T22:50+00:00,17901,0.5,84
2026-03-06T23:00+00:00,17901,0.7,85
2026-03-06T23:10+00:00,17901,0.4,86
2026-03-06T23:20+00:00,17901,0.5,85
2026-03-06T23:30+00:00,17901,0.3,86
2026-03-06T23:40+00:00,17901,0.0,86
2026-03-06T23:50+00:00,17901,-0.3,86
2026-03-07T00:00+00:00,17901,0.1,85
2026-03-07T00:10+00:00,17901,0.4,84
2026-03-07T00:20+00:00,17901,0.0,84
2026-03-07T00:30+00:00,17901,-0.2,85
2026-03-07T00:40+00:00,17901,-0.4,86
2026-03-07T00:50+00:00,17901,-0.2,86
2026-03-07T01:00+00:00,17901,-0.2,86
2026-03-07T01:10+00:00,17901,-0.1,85
2026-03-07T01:20+00:00,17901,-0.2,85
2026-03-07T01:30+00:00,17901,0.0,85
2026-03-07T01:40+00:00,17901,-0.3,84
2026-03-07T01:50+00:00,17901,-0.3,84
2026-03-07T02:00+00:00,17901,0.0,85
2026-03-07T02:10+00:00,17901,-0.4,86
2026-03-07T02:20+00:00,17901,-0.3,85
2026-03-07T02:30+00:00,17901,-0.6,85
2026-03-07T02:40+00:00,17901,-0.6,85
2026-03-07T02:50+00:00,17901,-0.8,86
2026-03-07T03:00+00:00,17901,-0.8,86
2026-03-07T03:10+00:00,17901,-1.2,87
2026-03-07T03:20+00:00,17901,-1.1,87
2026-03-07T03:30+00:00,17901,-1.3,87
2026-03-07T03:40+00:00,17901,-1.3,87
2026-03-07T03:50+00:00,17901,-1.3,85
2026-03-07T04:00+00:00,17901,-1.4,87
2026-03-07T04:10+00:00,17901,-1.7,89
2026-03-07T04:20+00:00,17901,-1.7,88
2026-03-07T04:30+00:00,17901,-1.6,88
2026-03-07T04:40+00:00,17901,-1.7,88
2026-03-07T04:50+00:00,17901,-1.8,91
2026-03-07T05:00+00:00,17901,-2.1,90
2026-03-07T05:10+00:00,17901,-1.9,89
2026-03-07T05:20+00:00,17901,-2.2,89
2026-03-07T05:30+00:00,17901,-1.8,90
2026-03-07T05:40+00:00,17901,-2.1,89
2026-03-07T05:50+00:00,17901,-2.6,88
2026-03-07T06:00+00:00,17901,-2.2,91
2026-03-07T06:10+00:00,17901,-2.3,91
2026-03-07T06:20+00:00,17901,-2.0,91
2026-03-07T06:30+00:00,17901,-1.7,90
2026-03-07T06:40+00:00,17901,-1.3,87
2026-03-07T06:50+00:00,17901,-0.8,86
2026-03-07T07:00+00:00,17901,-0.2,84
2026-03-07T07:10+00:00,17901,0.3,83
2026-03-07T07:20+00:00,17901,0.7,81
2026-03-07T07:30+00:00,17901,1.5,78
2026-03-07T07:40+00:00,17901,2.1,77
2026-03-07T07:50+00:00,17901,2.7,74
2026-03-07T08:00+00:00,17901,3.9,69
2026-03-07T08:10+00:00,17901,5.1,63
2026-03-07T08:20+00:00,17901,5.8,65
2026-03-07T08:30+00:00,17901,6.1,63
2026-03-07T08:40+00:00,17901,6.7,59
2026-03-07T08:50+00:00,17901,7.2,56
2026-03-07T09:00+00:00,17901,7.1,54
2026-03-07T09:10+00:00,17901,7.8,53
2026-03-07T09:20+00:00,17901,8.0,52
2026-03-07T09:30+00:00,17901,8.5,52
2026-03-07T09:40+00:00,17901,8.4,50
2026-03-07T09:50+00:00,17901,9.2,49
2026-03-07T10:00+00:00,17901,9.5,50
2026-03-07T10:10+00:00,17901,9.5,49
2026-03-07T10:20+00:00,17901,10.2,47
2026-03-07T10:30+00:00,17901,10.4,45
2026-03-07T10:40+00:00,17901,10.7,44
2026-03-07T10:50+00:00,17901,10.5,45
2026-03-07T11:00+00:00,17901,11.4,43
2026-03-07T11:10+00:00,17901,11.3,41
2026-03-07T11:20+00:00,17901,11.8,41
2026-03-07T11:30+00:00,17901,11.8,39
2026-03-07T11:40+00:00,17901,12.0,40
2026-03-07T11:50+00:00,17901,12.4,39
2026-03-07T12:00+00:00,17901,12.8,38
2026-03-07T12:10+00:00,17901,12.7,36
2026-03-07T12:20+00:00,17901,13.3,36
2026-03-07T12:30+00:00,17901,13.8,34
2026-03-07T12:40+00:00,17901,14.2,35
2026-03-07T12:50+00:00,17901,14.2,35
2026-03-07T13:00+00:00,17901,14.1,35
2026-03-07T13:10+00:00,17901,14.5,35
2026-03-07T13:20+00:00,17901,14.5,34
2026-03-07T13:30+00:00,17901,14.7,35
2026-03-07T13:40+00:00,17901,14.7,35
2026-03-07T13:50+00:00,17901,15.0,34
2026-03-07T14:00+00:00,17901,15.0,34
2026-03-07T14:10+00:00,17901,15.5,32
2026-03-07T14:20+00:00,17901,15.0,36
2026-03-07T14:30+00:00,17901,15.5,34
2026-03-07T14:40+00:00,17901,15.9,31
2026-03-07T14:50+00:00,17901,15.7,33
2026-03-07T15:00+00:00,17901,15.4,32
2026-03-07T15:10+00:00,17901,15.3,33
2026-03-07T15:20+00:00,17901,15.2,31
2026-03-07T15:30+00:00,17901,15.1,31
2026-03-07T15:40+00:00,17901,14.7,32
2026-03-07T15:50+00:00,17901,14.5,33
2026-03-07T16:00+00:00,17901,13.7,35
2026-03-07T16:10+00:00,17901,13.5,35
2026-03-07T16:20+00:00,17901,13.4,35
2026-03-07T16:30+00:00,17901,13.3,35
2026-03-07T16:40+00:00,17901,12.8,36
2026-03-07T16:50+00:00,17901,11.7,40
2026-03-07T17:00+00:00,17901,10.7,45
2026-03-07T17:10+00:00,17901,9.8,49
2026-03-07T17:20+00:00,17901,9.6,49
2026-03-07T17:30+00:00,17901,8.4,56
2026-03-07T17:40+00:00,17901,8.2,57
2026-03-07T17:50+00:00,17901,7.6,59
2026-03-07T18:00+00:00,17901,8.0,56
2026-03-07T18:10+00:00,17901,7.9,58
2026-03-07T18:20+00:00,17901,7.7,59
2026-03-07T18:30+00:00,17901,6.8,62
2026-03-07T18:40+00:00,17901,6.3,64
2026-03-07T18:50+00:00,17901,6.1,64
2026-03-07T19:00+00:00,17901,6.4,63
2026-03-07T19:10+00:00,17901,6.1,64
2026-03-07T19:20+00:00,17901,6.6,62
2026-03-07T19:30+00:00,17901,5.7,66
2026-03-07T19:40+00:00,17901,5.0,69
2026-03-07T19:50+00:00,17901,4.8,70
2026-03-07T20:00+00:00,17901,4.3,70
2026-03-07T20:10+00:00,17901,4.1,72
2026-03-07T20:20+00:00,17901,3.6,73
2026-03-07T20:30+00:00,17901,3.4,75
2026-03-07T20:40+00:00,17901,3.1,76
2026-03-07T20:50+00:00,17901,2.9,77
2026-03-07T21:00+00:00,17901,2.8,77
2026-03-07T21:10+00:00,17901,2.6,78
2026-03-07T21:20+00:00,17901,2.6,78
2026-03-07T21:30+00:00,17901,2.6,77
2026-03-07T21:40+00:00,17901,2.2,79
2026-03-07T21:50+00:00,17901,1.9,80
2026-03-07T22:00+00:00,17901,2.2,79
2026-03-07T22:10+00:00,17901,2.2,78
2026-03-07T22:20+00:00,17901,1.9,80
2026-03-07T22:30+00:00,17901,2.1,79
2026-03-07T22:40+00:00,17901,2.0,78
2026-03-07T22:50+00:00,17901,1.5,80
2026-03-07T23:00+00:00,17901,1.5,81
2026-03-07T23:10+00:00,17901,1.3,82
2026-03-07T23:20+00:00,17901,1.0,81
2026-03-07T23:30+00:00,17901,1.4,80
2026-03-07T23:40+00:00,17901,1.2,82
2026-03-07T23:50+00:00,17901,1.1,81
2026-03-08T00:00+00:00,17901,1.3,81
2026-03-08T00:10+00:00,17901,1.1,81
2026-03-08T00:20+00:00,17901,0.7,83
2026-03-08T00:30+00:00,17901,1.4,81
2026-03-08T00:40+00:00,17901,0.7,81
2026-03-08T00:50+00:00,17901,0.6,82
2026-03-08T01:00+00:00,17901,0.4,83
2026-03-08T01:10+00:00,17901,0.6,82
2026-03-08T01:20+00:00,17901,0.3,82
2026-03-08T01:30+00:00,17901,0.0,83
2026-03-08T01:40+00:00,17901,-0.3,83
2026-03-08T01:50+00:00,17901,-0.4,86
2026-03-08T02:00+00:00,17901,-0.4,84
2026-03-08T02:10+00:00,17901,-0.1,85
2026-03-08T02:20+00:00,17901,-0.5,86
2026-03-08T02:30+00:00,17901,-0.9,85
2026-03-08T02:40+00:00,17901,-0.9,86
2026-03-08T02:50+00:00,17901,-0.7,87
2026-03-08T03:00+00:00,17901,-0.9,86
2026-03-08T03:10+00:00,17901,-0.8,85
2026-03-08T03:20+00:00,17901,-1.4,86
2026-03-08T03:30+00:00,17901,-1.0,86
2026-03-08T03:40+00:00,17901,-1.2,86
2026-03-08T03:50+00:00,17901,-1.3,88
2026-03-08T04:00+00:00,17901,-1.2,87
2026-03-08T04:10+00:00,17901,-0.9,87
2026-03-08T04:20+00:00,17901,-1.5,87
2026-03-08T04:30+00:00,17901,-1.4,87
2026-03-08T04:40+00:00,17901,-1.3,86
2026-03-08T04:50+00:00,17901,-1.5,88
2026-03-08T05:00+00:00,17901,-1.7,89
2026-03-08T05:10+00:00,17901,-1.8,88
2026-03-08T05:20+00:00,17901,-1.7,87
2026-03-08T05:30+00:00,17901,-1.8,89
2026-03-08T05:40+00:00,17901,-2.1,89
2026-03-08T05:50+00:00,17901,-2.3,90
2026-03-08T06:00+00:00,17901,-2.2,90
2026-03-08T06:10+00:00,17901,-1.8,90
2026-03-08T06:20+00:00,17901,-1.7,90
2026-03-08T06:30+00:00,17901,-1.4,90
2026-03-08T06:40+00:00,17901,-1.4,88
2026-03-08T06:50+00:00,17901,-0.8,87
2026-03-08T07:00+00:00,17901,-0.3,85
2026-03-08T07:10+00:00,17901,0.3,84
2026-03-08T07:20+00:00,17901,0.7,82
2026-03-08T07:30+00:00,17901,1.6,78
2026-03-08T07:40+00:00,17901,2.8,75
2026-03-08T07:50+00:00,17901,4.2,70
2026-03-08T08:00+00:00,17901,4.7,70
2026-03-08T08:10+00:00,17901,5.3,66
2026-03-08T08:20+00:00,17901,5.2,62
2026-03-08T08:30+00:00,17901,5.4,61
2026-03-08T08:40+00:00,17901,6.4,57
2026-03-08T08:50+00:00,17901,6.2,60
2026-03-08T09:00+00:00,17901,7.2,54
2026-03-08T09:10+00:00,17901,7.5,56
2026-03-08T09:20+00:00,17901,7.7,55
2026-03-08T09:30+00:00,17901,8.1,52
2026-03-08T09:40+00:00,17901,8.9,49
2026-03-08T09:50+00:00,17901,9.2,48
2026-03-08T10:00+00:00,17901,9.0,48
2026-03-08T10:10+00:00,17901,9.1,47
2026-03-08T10:20+00:00,17901,9.6,46
2026-03-08T10:30+00:00,17901,10.2,46
2026-03-08T10:40+00:00,17901,10.2,45
2026-03-08T10:50+00:00,17901,10.6,44
2026-03-08T11:00+00:00,17901,10.6,43
2026-03-08T11:10+00:00,17901,10.4,42
2026-03-08T11:20+00:00,17901,10.9,42
2026-03-08T11:30+00:00,17901,11.8,40
2026-03-08T11:40+00:00,17901,12.4,39
2026-03-08T11:50+00:00,17901,12.2,40
2026-03-08T12:00+00:00,17901,12.1,41
2026-03-08T12:10+00:00,17901,12.6,39
2026-03-08T12:20+00:00,17901,13.1,38
2026-03-08T12:30+00:00,17901,13.1,39
2026-03-08T12:40+00:00,17901,13.7,36
2026-03-08T12:50+00:00,17901,13.3,39
2026-03-08T13:00+00:00,17901,13.3,39
2026-03-08T13:10+00:00,17901,13.6,37
2026-03-08T13:20+00:00,17901,14.5,36
2026-03-08T13:30+00:00,17901,14.7,35
2026-03-08T13:40+00:00,17901,14.6,34
2026-03-08T13:50+00:00,17901,15.4,33
2026-03-08T14:00+00:00,17901,15.1,32
2026-03-08T14:10+00:00,17901,15.4,32
2026-03-08T14:20+00:00,17901,15.5,32
2026-03-08T14:30+00:00,17901,15.4,33
2026-03-08T14:40+00:00,17901,15.2,33
2026-03-08T14:50+00:00,17901,15.0,33
2026-03-08T15:00+00:00,17901,14.9,34
2026-03-08T15:10+00:00,17901,14.5,35
2026-03-08T15:20+00:00,17901,14.2,35
2026-03-08T15:30+00:00,17901,13.7,36
2026-03-08T15:40+00:00,17901,13.6,36
2026-03-08T15:50+00:00,17901,13.0,38
2026-03-08T16:00+00:00,17901,12.7,38
2026-03-08T16:10+00:00,17901,12.5,39
2026-03-08T16:20+00:00,17901,12.1,41
2026-03-08T16:30+00:00,17901,11.8,41
2026-03-08T16:40+00:00,17901,11.7,42
2026-03-08T16:50+00:00,17901,11.3,43
2026-03-08T17:00+00:00,17901,10.9,44
2026-03-08T17:10+00:00,17901,11.1,44
2026-03-08T17:20+00:00,17901,11.3,43
2026-03-08T17:30+00:00,17901,10.5,45
2026-03-08T17:40+00:00,17901,10.5,45
2026-03-08T17:50+00:00,17901,9.6,49
2026-03-08T18:00+00:00,17901,9.0,51
2026-03-08T18:10+00:00,17901,8.6,54
2026-03-08T18:20+00:00,17901,8.6,53
2026-03-08T18:30+00:00,17901,7.7,58
2026-03-08T18:40+00:00,17901,7.6,58
2026-03-08T18:50+00:00,17901,7.6,58
2026-03-08T19:00+00:00,17901,7.5,58
2026-03-08T19:10+00:00,17901,6.9,61
2026-03-08T19:20+00:00,17901,6.8,63
2026-03-08T19:30+00:00,17901,6.8,63
2026-03-08T19:40+00:00,17901,6.8,62
2026-03-08T19:50+00:00,17901,7.2,60
2026-03-08T20:00+00:00,17901,7.0,61
2026-03-08T20:10+00:00,17901,6.8,62
2026-03-08T20:20+00:00,17901,6.8,62
2026-03-08T20:30+00:00,17901,6.4,64
2026-03-08T20:40+00:00,17901,5.9,67
2026-03-08T20:50+00:00,17901,6.0,67
2026-03-08T21:00+00:00,17901,5.5,69
2026-03-08T21:10+00:00,17901,5.4,70
2026-03-08T21:20+00:00,17901,5.2,70
2026-03-08T21:30+00:00,17901,4.7,72
2026-03-08T21:40+00:00,17901,4.3,74
2026-03-08T21:50+00:00,17901,4.2,76
2026-03-08T22:00+00:00,17901,3.9,76
2026-03-08T22:10+00:00,17901,3.7,76
2026-03-08T22:20+00:00,17901,3.7,75
2026-03-08T22:30+00:00,17901,3.1,77
2026-03-08T22:40+00:00,17901,3.2,77
2026-03-08T22:50+00:00,17901,3.1,78
2026-03-08T23:00+00:00,17901,2.6,81
2026-03-08T23:10+00:00,17901,3.1,78
2026-03-08T23:20+00:00,17901,2.6,79
2026-03-08T23:30+00:00,17901,2.3,78
2026-03-08T23:40+00:00,17901,2.3,80
2026-03-08T23:50+00:00,17901,1.7,81
2026-03-09T00:00+00:00,17901,1.5,82
2026-03-09T00:10+00:00,17901,1.6,81
2026-03-09T00:20+00:00,17901,1.5,81
2026-03-09T00:30+00:00,17901,1.3,83
2026-03-09T00:40+00:00,17901,1.3,83
2026-03-09T00:50+00:00,17901,1.1,83
2026-03-09T01:00+00:00,17901,1.3,83
2026-03-09T01:10+00:00,17901,1.3,83
2026-03-09T01:20+00:00,17901,0.7,85
2026-03-09T01:30+00:00,17901,0.4,86
2026-03-09T01:40+00:00,17901,0.5,86
2026-03-09T01:50+00:00,17901,0.4,87
2026-03-09T02:00+00:00,17901,0.3,87
2026-03-09T02:10+00:00,17901,0.4,86
2026-03-09T02:20+00:00,17901,-0.1,87
2026-03-09T02:30+00:00,17901,0.0,87
2026-03-09T02:40+00:00,17901,0.0,86
2026-03-09T02:50+00:00,17901,-0.3,87
2026-03-09T03:00+00:00,17901,-0.6,86
2026-03-09T03:10+00:00,17901,-0.5,88
2026-03-09T03:20+00:00,17901,-0.5,88
2026-03-09T03:30+00:00,17901,-0.6,87
2026-03-09T03:40+00:00,17901,-0.7,89
2026-03-09T03:50+00:00,17901,-0.3,88
2026-03-09T04:00+00:00,17901,-0.7,87
2026-03-09T04:10+00:00,17901,-0.8,89
2026-03-09T04:20+00:00,17901,-0.6,88
2026-03-09T04:30+00:00,17901,-0.5,89
2026-03-09T04:40+00:00,17901,-0.5,89
2026-03-09T04:50+00:00,17901,-1.0,90
2026-03-09T05:00+00:00,17901,-0.9,90
2026-03-09T05:10+00:00,17901,-1.0,90
2026-03-09T05:20+00:00,17901,-0.7,90
2026-03-09T05:30+00:00,17901,-1.2,88
2026-03-09T05:40+00:00,17901,-1.0,89
2026-03-09T05:50+00:00,17901,-0.9,88
2026-03-09T06:00+00:00,17901,-0.6,87
2026-03-09T06:10+00:00,17901,-0.5,87
2026-03-09T06:20+00:00,17901,-0.5,87
2026-03-09T06:30+00:00,17901,-0.5,87
2026-03-09T06:40+00:00,17901,-0.1,86
2026-03-09T06:50+00:00,17901,0.3,86
2026-03-09T07:00+00:00,17901,0.9,84
2026-03-09T07:10+00:00,17901,1.8,82
2026-03-09T07:20+00:00,17901,2.2,79
2026-03-09T07:30+00:00,17901,2.5,78
2026-03-09T07:40+00:00,17901,3.1,76
2026-03-09T07:50+00:00,17901,4.1,70
2026-03-09T08:00+00:00,17901,4.9,67
2026-03-09T08:10+00:00,17901,5.4,69
2026-03-09T08:20+00:00,17901,5.7,65
2026-03-09T08:30+00:00,17901,6.1,63
2026-03-09T08:40+00:00,17901,6.8,61
2026-03-09T08:50+00:00,17901,7.1,58
2026-03-09T09:00+00:00,17901,7.5,57
2026-03-09T09:10+00:00,17901,7.7,55
2026-03-09T09:20+00:00,17901,8.3,52
2026-03-09T09:30+00:00,17901,8.9,51
2026-03-09T09:40+00:00,17901,9.5,49
2026-03-09T09:50+00:00,17901,9.1,47
2026-03-09T10:00+00:00,17901,9.8,45
2026-03-09T10:10+00:00,17901,9.7,46
2026-03-09T10:20+00:00,17901,9.8,46
2026-03-09T10:30+00:00,17901,10.6,45
2026-03-09T10:40+00:00,17901,11.1,43
2026-03-09T10:50+00:00,17901,10.5,42
2026-03-09T11:00+00:00,17901,11.1,43
2026-03-09T11:10+00:00,17901,11.2,43
2026-03-09T11:20+00:00,17901,11.9,40
2026-03-09T11:30+00:00,17901,11.9,39
2026-03-09T11:40+00:00,17901,11.7,39
2026-03-09T11:50+00:00,17901,12.2,37
2026-03-09T12:00+00:00,17901,12.1,38
2026-03-09T12:10+00:00,17901,12.3,37
2026-03-09T12:20+00:00,17901,12.7,38
2026-03-09T12:30+00:00,17901,12.6,38
2026-03-09T12:40+00:00,17901,12.6,40
2026-03-09T12:50+00:00,17901,12.7,39
2026-03-09T13:00+00:00,17901,12.8,39
2026-03-09T13:10+00:00,17901,12.7,39
2026-03-09T13:20+00:00,17901,13.3,39
2026-03-09T13:30+00:00,17901,13.5,39
2026-03-09T13:40+00:00,17901,13.2,39
2026-03-09T13:50+00:00,17901,13.1,40
2026-03-09T14:00+00:00,17901,12.9,41
2026-03-09T14:10+00:00,17901,12.8,42
2026-03-09T14:20+00:00,17901,12.6,42
2026-03-09T14:30+00:00,17901,12.8,41
2026-03-09T14:40+00:00,17901,12.5,42
2026-03-09T14:50+00:00,17901,12.5,41
2026-03-09T15:00+00:00,17901,12.5,42
2026-03-09T15:10+00:00,17901,12.5,42
2026-03-09T15:20+00:00,17901,12.2,42
2026-03-09T15:30+00:00,17901,12.1,43
2026-03-09T15:40+00:00,17901,12.1,43
2026-03-09T15:50+00:00,17901,11.9,43
2026-03-09T16:00+00:00,17901,11.9,43
2026-03-09T16:10+00:00,17901,11.4,45
2026-03-09T16:20+00:00,17901,11.2,46
2026-03-09T16:30+00:00,17901,11.1,47
2026-03-09T16:40+00:00,17901,11.2,46
2026-03-09T16:50+00:00,17901,11.2,45
2026-03-09T17:00+00:00,17901,10.6,48
2026-03-09T17:10+00:00,17901,10.5,49
2026-03-09T17:20+00:00,17901,10.9,46
2026-03-09T17:30+00:00,17901,10.7,47
2026-03-09T17:40+00:00,17901,10.3,48
2026-03-09T17:50+00:00,17901,9.8,50
2026-03-09T18:00+00:00,17901,9.3,54
2026-03-09T18:10+00:00,17901,8.9,55
2026-03-09T18:20+00:00,17901,8.6,57
2026-03-09T18:30+00:00,17901,8.9,56
2026-03-09T18:40+00:00,17901,8.4,59
2026-03-09T18:50+00:00,17901,8.0,60
2026-03-09T19:00+00:00,17901,7.5,63
2026-03-09T19:10+00:00,17901,7.5,62
2026-03-09T19:20+00:00,17901,7.8,61
2026-03-09T19:30+00:00,17901,7.6,62
2026-03-09T19:40+00:00,17901,7.5,63
2026-03-09T19:50+00:00,17901,7.6,62
2026-03-09T20:00+00:00,17901,7.8,61
2026-03-09T20:10+00:00,17901,7.1,65
2026-03-09T20:20+00:00,17901,6.9,66
2026-03-09T20:30+00:00,17901,7.1,65
2026-03-09T20:40+00:00,17901,7.9,61
2026-03-09T20:50+00:00,17901,7.4,64
2026-03-09T21:00+00:00,17901,7.5,62
2026-03-09T21:10+00:00,17901,7.2,64
2026-03-09T21:20+00:00,17901,7.1,65
2026-03-09T21:30+00:00,17901,7.1,65
2026-03-09T21:40+00:00,17901,6.9,66
2026-03-09T21:50+00:00,17901,6.7,67
2026-03-09T22:00+00:00,17901,6.6,68
2026-03-09T22:10+00:00,17901,6.3,70
2026-03-09T22:20+00:00,17901,5.9,73
2026-03-09T22:30+00:00,17901,5.9,71
2026-03-09T22:40+00:00,17901,5.7,74
2026-03-09T22:50+00:00,17901,5.7,72
2026-03-09T23:00+00:00,17901,5.7,72
2026-03-09T23:10+00:00,17901,5.6,72
2026-03-09T23:20+00:00,17901,5.6,72
2026-03-09T23:30+00:00,17901,5.3,73
2026-03-09T23:40+00:00,17901,5.2,74
2026-03-09T23:50+00:00,17901,5.0,74
2026-03-10T00:00+00:00,17901,5.0,75
2026-03-10T00:10+00:00,17901,4.9,76
2026-03-10T00:20+00:00,17901,4.9,76
2026-03-10T00:30+00:00,17901,5.0,75
2026-03-10T00:40+00:00,17901,5.1,75
2026-03-10T00:50+00:00,17901,4.9,75
2026-03-10T01:00+00:00,17901,4.9,76
2026-03-10T01:10+00:00,17901,4.8,76
2026-03-10T01:20+00:00,17901,4.9,76
2026-03-10T01:30+00:00,17901,4.8,77
2026-03-10T01:40+00:00,17901,4.8,77
2026-03-10T01:50+00:00,17901,4.6,77
2026-03-10T02:00+00:00,17901,4.7,77
2026-03-10T02:10+00:00,17901,4.2,80
2026-03-10T02:20+00:00,17901,4.2,79
2026-03-10T02:30+00:00,17901,3.9,80
2026-03-10T02:40+00:00,17901,3.5,81
2026-03-10T02:50+00:00,17901,3.6,81
2026-03-10T03:00+00:00,17901,3.6,81
2026-03-10T03:10+00:00,17901,3.0,82
2026-03-10T03:20+00:00,17901,3.2,82
2026-03-10T03:30+00:00,17901,3.1,83
2026-03-10T03:40+00:00,17901,3.3,82
2026-03-10T03:50+00:00,17901,3.1,84
2026-03-10T04:00+00:00,17901,3.1,84
2026-03-10T04:10+00:00,17901,3.3,83
2026-03-10T04:20+00:00,17901,3.2,82
2026-03-10T04:30+00:00,17901,2.9,83
2026-03-10T04:40+00:00,17901,2.8,84
2026-03-10T04:50+00:00,17901,2.0,85
2026-03-10T05:00+00:00,17901,2.0,87
2026-03-10T05:10+00:00,17901,2.5,85
2026-03-10T05:20+00:00,17901,2.4,86
2026-03-10T05:30+00:00,17901,1.9,87
2026-03-10T05:40+00:00,17901,1.8,87
2026-03-10T05:50+00:00,17901,1.5,87
2026-03-10T06:00+00:00,17901,1.9,88
2026-03-10T06:10+00:00,17901,1.5,88
2026-03-10T06:20+00:00,17901,2.0,88
2026-03-10T06:30+00:00,17901,2.1,88
2026-03-10T06:40+00:00,17901,2.6,85
2026-03-10T06:50+00:00,17901,3.3,83
2026-03-10T07:00+00:00,17901,4.0,80
2026-03-10T07:10+00:00,17901,4.5,78
2026-03-10T07:20+00:00,17901,5.2,79
2026-03-10T07:30+00:00,17901,5.4,74
2026-03-10T07:40+00:00,17901,6.2,70
2026-03-10T07:50+00:00,17901,6.7,69
2026-03-10T08:00+00:00,17901,7.0,68
2026-03-10T08:10+00:00,17901,7.3,66
2026-03-10T08:20+00:00,17901,8.1,63
2026-03-10T08:30+00:00,17901,8.7,61
2026-03-10T08:40+00:00,17901,9.0,59
2026-03-10T08:50+00:00,17901,9.5,59
2026-03-10T09:00+00:00,17901,9.8,56
2026-03-10T09:10+00:00,17901,10.3,55
2026-03-10T09:20+00:00,17901,10.7,54
2026-03-10T09:30+00:00,17901,10.6,53
2026-03-10T09:40+00:00,17901,11.3,51
2026-03-10T09:50+00:00,17901,10.8,51
2026-03-10T10:00+00:00,17901,11.6,49
2026-03-10T10:10+00:00,17901,11.4,48
2026-03-10T10:20+00:00,17901,11.8,47
2026-03-10T10:30+00:00,17901,12.1,46
2026-03-10T10:40+00:00,17901,12.2,44
2026-03-10T10:50+00:00,17901,12.9,44
2026-03-10T11:00+00:00,17901,12.8,43
2026-03-10T11:10+00:00,17901,13.2,42
2026-03-10T11:20+00:00,17901,13.8,40
2026-03-10T11:30+00:00,17901,13.6,41
2026-03-10T11:40+00:00,17901,13.7,39
2026-03-10T11:50+00:00,17901,14.6,37
2026-03-10T12:00+00:00,17901,14.9,38
2026-03-10T12:10+00:00,17901,14.9,39
2026-03-10T12:20+00:00,17901,15.1,39
2026-03-10T12:30+00:00,17901,14.1,41
2026-03-10T12:40+00:00,17901,14.7,42
2026-03-10T12:50+00:00,17901,14.4,40
2026-03-10T13:00+00:00,17901,15.0,38
2026-03-10T13:10+00:00,17901,14.6,38
2026-03-10T13:20+00:00,17901,14.1,40
2026-03-10T13:30+00:00,17901,14.4,40
2026-03-10T13:40+00:00,17901,14.6,39
2026-03-10T13:50+00:00,17901,15.2,37
2026-03-10T14:00+00:00,17901,14.9,37
2026-03-10T14:10+00:00,17901,15.1,37
2026-03-10T14:20+00:00,17901,15.3,38
2026-03-10T14:30+00:00,17901,14.7,39
2026-03-10T14:40+00:00,17901,14.5,40
2026-03-10T14:50+00:00,17901,14.4,41
2026-03-10T15:00+00:00,17901,13.7,43
2026-03-10T15:10+00:00,17901,12.9,45
2026-03-10T15:20+00:00,17901,12.8,46
2026-03-10T15:30+00:00,17901,12.6,45
2026-03-10T15:40+00:00,17901,12.6,45
2026-03-10T15:50+00:00,17901,12.5,46
2026-03-10T16:00+00:00,17901,12.4,46
2026-03-10T16:10+00:00,17901,12.1,47
2026-03-10T16:20+00:00,17901,11.8,48
2026-03-10T16:30+00:00,17901,11.6,49
2026-03-10T16:40+00:00,17901,11.4,50
2026-03-10T16:50+00:00,17901,11.2,51
2026-03-10T17:00+00:00,17901,10.9,51
2026-03-10T17:10+00:00,17901,10.7,52
2026-03-10T17:20+00:00,17901,10.0,55
2026-03-10T17:30+00:00,17901,10.1,54
2026-03-10T17:40+00:00,17901,10.4,53
2026-03-10T17:50+00:00,17901,10.3,54
2026-03-10T18:00+00:00,17901,10.1,54
2026-03-10T18:10+00:00,17901,10.2,55
2026-03-10T18:20+00:00,17901,9.4,57
2026-03-10T18:30+00:00,17901,8.5,60
2026-03-10T18:40+00:00,17901,8.0,62
2026-03-10T18:50+00:00,17901,7.2,65
2026-03-10T19:00+00:00,17901,6.7,67
2026-03-10T19:10+00:00,17901,6.1,68
2026-03-10T19:20+00:00,17901,6.0,69
2026-03-10T19:30+00:00,17901,5.7,70
2026-03-10T19:40+00:00,17901,5.3,72
2026-03-10T19:50+00:00,17901,5.1,73
2026-03-10T20:00+00:00,17901,5.1,73
2026-03-10T20:10+00:00,17901,5.1,72
2026-03-10T20:20+00:00,17901,4.8,73
2026-03-10T20:30+00:00,17901,4.9,73
2026-03-10T20:40+00:00,17901,4.0,76
2026-03-10T20:50+00:00,17901,4.2,76
2026-03-10T21:00+00:00,17901,4.2,76
2026-03-10T21:10+00:00,17901,3.3,78
2026-03-10T21:20+00:00,17901,3.3,79
2026-03-10T21:30+00:00,17901,3.1,80
2026-03-10T21:40+00:00,17901,2.9,81
2026-03-10T21:50+00:00,17901,2.9,80
2026-03-10T22:00+00:00,17901,2.6,81
2026-03-10T22:10+00:00,17901,2.6,83
2026-03-10T22:20+00:00,17901,2.1,83
2026-03-10T22:30+00:00,17901,2.2,84
2026-03-10T22:40+00:00,17901,2.0,84
2026-03-10T22:50+00:00,17901,1.7,85
2026-03-10T23:00+00:00,17901,1.7,84
2026-03-10T23:10+00:00,17901,1.8,85
2026-03-10T23:20+00:00,17901,2.0,84
2026-03-10T23:30+00:00,17901,1.1,85
2026-03-10T23:40+00:00,17901,1.3,86
2026-03-10T23:50+00:00,17901,1.1,87
2026-03-11T00:00+00:00,17901,1.2,86
2026-03-11T00:10+00:00,17901,1.4,86
2026-03-11T00:20+00:00,17901,1.1,87
2026-03-11T00:30+00:00,17901,0.8,88
2026-03-11T00:40+00:00,17901,0.8,89
2026-03-11T00:50+00:00,17901,0.6,88
2026-03-11T01:00+00:00,17901,0.8,88
2026-03-11T01:10+00:00,17901,0.8,88
2026-03-11T01:20+00:00,17901,0.6,87
2026-03-11T01:30+00:00,17901,0.9,88
2026-03-11T01:40+00:00,17901,0.6,88
2026-03-11T01:50+00:00,17901,0.6,88
2026-03-11T02:00+00:00,17901,1.1,86
2026-03-11T02:10+00:00,17901,0.6,87
2026-03-11T02:20+00:00,17901,0.6,87
2026-03-11T02:30+00:00,17901,0.7,88
2026-03-11T02:40+00:00,17901,0.9,87
2026-03-11T02:50+00:00,17901,1.3,85
2026-03-11T03:00+00:00,17901,1.3,86
2026-03-11T03:10+00:00,17901,1.4,87
2026-03-11T03:20+00:00,17901,1.4,87
2026-03-11T03:30+00:00,17901,1.4,86
2026-03-11T03:40+00:00,17901,1.4,86
2026-03-11T03:50+00:00,17901,1.6,85
2026-03-11T04:00+00:00,17901,1.8,83
2026-03-11T04:10+00:00,17901,1.4,86
2026-03-11T04:20+00:00,17901,1.1,86
2026-03-11T04:30+00:00,17901,1.0,87
2026-03-11T04:40+00:00,17901,1.0,88
2026-03-11T04:50+00:00,17901,1.3,87
2026-03-11T05:00+00:00,17901,1.3,86
2026-03-11T05:10+00:00,17901,1.4,87
2026-03-11T05:20+00:00,17901,1.4,87
2026-03-11T05:30+00:00,17901,1.2,87
2026-03-11T05:40+00:00,17901,1.1,88
2026-03-11T05:50+00:00,17901,1.2,88
2026-03-11T06:00+00:00,17901,1.3,87
2026-03-11T06:10+00:00,17901,1.5,87
2026-03-11T06:20+00:00,17901,1.5,87
2026-03-11T06:30+00:00,17901,1.5,88
2026-03-11T06:40+00:00,17901,1.7,87
2026-03-11T06:50+00:00,17901,2.0,87
2026-03-11T07:00+00:00,17901,2.9,82
2026-03-11T07:10+00:00,17901,3.3,82
2026-03-11T07:20+00:00,17901,3.8,80
2026-03-11T07:30+00:00,17901,4.2,79
2026-03-11T07:40+00:00,17901,4.6,78
2026-03-11T07:50+00:00,17901,4.7,75
2026-03-11T08:00+00:00,17901,5.0,74
2026-03-11T08:10+00:00,17901,5.4,78
2026-03-11T08:20+00:00,17901,5.6,77
2026-03-11T08:30+00:00,17901,5.7,75
2026-03-11T08:40+00:00,17901,6.1,72
2026-03-11T08:50+00:00,17901,6.5,72
2026-03-11T09:00+00:00,17901,7.0,72
2026-03-11T09:10+00:00,17901,7.2,73
2026-03-11T09:20+00:00,17901,7.2,75
2026-03-11T09:30+00:00,17901,7.2,73
2026-03-11T09:40+00:00,17901,7.3,73
2026-03-11T09:50+00:00,17901,7.5,70
2026-03-11T10:00+00:00,17901,8.2,73
2026-03-11T10:10+00:00,17901,8.9,71
2026-03-11T10:20+00:00,17901,9.2,68
2026-03-11T10:30+00:00,17901,9.7,65
2026-03-11T10:40+00:00,17901,9.7,63
2026-03-11T10:50+00:00,17901,9.8,62
2026-03-11T11:00+00:00,17901,10.1,61
2026-03-11T11:10+00:00,17901,10.0,60
2026-03-11T11:20+00:00,17901,10.7,58
2026-03-11T11:30+00:00,17901,10.6,58
2026-03-11T11:40+00:00,17901,10.3,59
2026-03-11T11:50+00:00,17901,10.5,60
2026-03-11T12:00+00:00,17901,10.4,59
2026-03-11T12:10+00:00,17901,11.3,56
2026-03-11T12:20+00:00,17901,11.1,56
2026-03-11T12:30+00:00,17901,11.3,57
2026-03-11T12:40+00:00,17901,11.1,57
2026-03-11T12:50+00:00,17901,10.8,57
2026-03-11T13:00+00:00,17901,10.9,57
2026-03-11T13:10+00:00,17901,11.1,57
2026-03-11T13:20+00:00,17901,11.8,57
2026-03-11T13:30+00:00,17901,11.9,54
2026-03-11T13:40+00:00,17901,13.0,52
2026-03-11T13:50+00:00,17901,13.0,49
2026-03-11T14:00+00:00,17901,13.2,49
2026-03-11T14:10+00:00,17901,12.7,50
2026-03-11T14:20+00:00,17901,12.5,50
2026-03-11T14:30+00:00,17901,12.3,50
2026-03-11T14:40+00:00,17901,12.3,49
2026-03-11T14:50+00:00,17901,12.9,47
2026-03-11T15:00+00:00,17901,12.9,48
2026-03-11T15:10+00:00,17901,12.7,49
2026-03-11T15:20+00:00,17901,12.1,51
2026-03-11T15:30+00:00,17901,11.7,53
2026-03-11T15:40+00:00,17901,11.7,52
2026-03-11T15:50+00:00,17901,11.3,55
2026-03-11T16:00+00:00,17901,11.5,53
2026-03-11T16:10+00:00,17901,11.4,54
2026-03-11T16:20+00:00,17901,11.3,54
2026-03-11T16:30+00:00,17901,11.0,55
2026-03-11T16:40+00:00,17901,11.1,54
2026-03-11T16:50+00:00,17901,10.8,55
2026-03-11T17:00+00:00,17901,10.3,57
2026-03-11T17:10+00:00,17901,9.4,61
2026-03-11T17:20+00:00,17901,9.7,59
2026-03-11T17:30+00:00,17901,9.4,61
2026-03-11T17:40+00:00,17901,9.2,62
2026-03-11T17:50+00:00,17901,9.1,63
2026-03-11T18:00+00:00,17901,8.7,64
2026-03-11T18:10+00:00,17901,8.0,68
2026-03-11T18:20+00:00,17901,8.4,67
2026-03-11T18:30+00:00,17901,8.5,66
2026-03-11T18:40+00:00,17901,9.5,61
2026-03-11T18:50+00:00,17901,9.0,64
2026-03-11T19:00+00:00,17901,8.0,68
2026-03-11T19:10+00:00,17901,7.9,69
2026-03-11T19:20+00:00,17901,7.5,71
2026-03-11T19:30+00:00,17901,7.3,73
2026-03-11T19:40+00:00,17901,7.2,74
2026-03-11T19:50+00:00,17901,7.5,73
2026-03-11T20:00+00:00,17901,7.2,74
2026-03-11T20:10+00:00,17901,7.1,76
2026-03-11T20:20+00:00,17901,6.7,77
2026-03-11T20:30+00:00,17901,6.3,79
2026-03-11T20:40+00:00,17901,6.3,78
2026-03-11T20:50+00:00,17901,6.1,78
2026-03-11T21:00+00:00,17901,5.6,80
2026-03-11T21:10+00:00,17901,5.5,81
2026-03-11T21:20+00:00,17901,5.4,81
2026-03-11T21:30+00:00,17901,5.1,83
2026-03-11T21:40+00:00,17901,5.1,82
2026-03-11T21:50+00:00,17901,5.3,81
2026-03-11T22:00+00:00,17901,5.0,81
2026-03-11T22:10+00:00,17901,5.0,82
2026-03-11T22:20+00:00,17901,5.2,81
2026-03-11T22:30+00:00,17901,5.2,81
2026-03-11T22:40+00:00,17901,4.2,83
2026-03-11T22:50+00:00,17901,4.1,85
2026-03-11T23:00+00:00,17901,3.9,86
2026-03-11T23:10+00:00,17901,3.2,86
2026-03-11T23:20+00:00,17901,3.1,87
2026-03-11T23:30+00:00,17901,2.9,88
2026-03-11T23:40+00:00,17901,2.8,89
2026-03-11T23:50+00:00,17901,2.8,88
2026-03-12T00:00+00:00,17901,2.8,87
2026-03-12T00:10+00:00,17901,2.9,86
2026-03-12T00:20+00:00,17901,2.6,87
2026-03-12T00:30+00:00,17901,3.1,84
2026-03-12T00:40+00:00,17901,3.1,85
2026-03-12T00:50+00:00,17901,2.8,85
2026-03-12T01:00+00:00,17901,2.4,86
2026-03-12T01:10+00:00,17901,2.7,86
2026-03-12T01:20+00:00,17901,2.4,88
2026-03-12T01:30+00:00,17901,2.8,86
2026-03-12T01:40+00:00,17901,2.1,87
2026-03-12T01:50+00:00,17901,2.0,89
2026-03-12T02:00+00:00,17901,1.8,88
2026-03-12T02:10+00:00,17901,1.9,90
2026-03-12T02:20+00:00,17901,1.9,90
2026-03-12T02:30+00:00,17901,1.8,91
2026-03-12T02:40+00:00,17901,1.8,91
2026-03-12T02:50+00:00,17901,1.8,90
2026-03-12T03:00+00:00,17901,1.9,90
2026-03-12T03:10+00:00,17901,2.0,90
2026-03-12T03:20+00:00,17901,1.5,90
2026-03-12T03:30+00:00,17901,1.5,91
2026-03-12T03:40+00:00,17901,1.7,90
2026-03-12T03:50+00:00,17901,1.5,91
2026-03-12T04:00+00:00,17901,1.3,91
2026-03-12T04:10+00:00,17901,1.3,92
2026-03-12T04:20+00:00,17901,1.1,92
2026-03-12T04:30+00:00,17901,1.6,90
2026-03-12T04:40+00:00,17901,1.3,89
2026-03-12T04:50+00:00,17901,1.4,91
2026-03-12T05:00+00:00,17901,1.1,90
2026-03-12T05:10+00:00,17901,0.8,91
2026-03-12T05:20+00:00,17901,0.8,92
2026-03-12T05:30+00:00,17901,0.6,92
2026-03-12T05:40+00:00,17901,0.7,92
2026-03-12T05:50+00:00,17901,0.6,92
2026-03-12T06:00+00:00,17901,0.9,93
2026-03-12T06:10+00:00,17901,1.1,93
2026-03-12T06:20+00:00,17901,1.3,92
2026-03-12T06:30+00:00,17901,1.6,92
2026-03-12T06:40+00:00,17901,2.0,91
2026-03-12T06:50+00:00,17901,2.6,89
2026-03-12T07:00+00:00,17901,3.2,86
2026-03-12T07:10+00:00,17901,3.3,86
2026-03-12T07:20+00:00,17901,3.7,84
2026-03-12T07:30+00:00,17901,4.2,83
2026-03-12T07:40+00:00,17901,4.7,81
2026-03-12T07:50+00:00,17901,5.2,78
2026-03-12T08:00+00:00,17901,5.6,77
2026-03-12T08:10+00:00,17901,5.9,75
2026-03-12T08:20+00:00,17901,6.4,72
2026-03-12T08:30+00:00,17901,6.8,71
2026-03-12T08:40+00:00,17901,7.1,68
2026-03-12T08:50+00:00,17901,7.4,68
2026-03-12T09:00+00:00,17901,7.8,66
2026-03-12T09:10+00:00,17901,8.2,67
2026-03-12T09:20+00:00,17901,8.7,64
2026-03-12T09:30+00:00,17901,8.9,64
2026-03-12T09:40+00:00,17901,9.0,62
2026-03-12T09:50+00:00,17901,9.2,60
2026-03-12T10:00+00:00,17901,9.8,59
2026-03-12T10:10+00:00,17901,10.2,58
2026-03-12T10:20+00:00,17901,10.5,57
2026-03-12T10:30+00:00,17901,11.0,57
2026-03-12T10:40+00:00,17901,11.2,55
2026-03-12T10:50+00:00,17901,11.7,53
2026-03-12T11:00+00:00,17901,11.8,52
2026-03-12T11:10+00:00,17901,12.1,51
2026-03-12T11:20+00:00,17901,12.3,51
2026-03-12T11:30+00:00,17901,12.6,49
2026-03-12T11:40+00:00,17901,13.4,48
2026-03-12T11:50+00:00,17901,13.3,47
2026-03-12T12:00+00:00,17901,13.8,44
2026-03-12T12:10+00:00,17901,14.0,43
2026-03-12T12:20+00:00,17901,14.5,42
2026-03-12T12:30+00:00,17901,14.2,42
2026-03-12T12:40+00:00,17901,14.6,40
2026-03-12T12:50+00:00,17901,14.5,40
2026-03-12T13:00+00:00,17901,14.8,39
2026-03-12T13:10+00:00,17901,14.9,40
2026-03-12T13:20+00:00,17901,14.6,38
2026-03-12T13:30+00:00,17901,14.5,39
2026-03-12T13:40+00:00,17901,14.3,41
2026-03-12T13:50+00:00,17901,14.0,41
2026-03-12T14:00+00:00,17901,13.9,41
2026-03-12T14:10+00:00,17901,13.6,43
2026-03-12T14:20+00:00,17901,13.5,44
2026-03-12T14:30+00:00,17901,13.7,45
2026-03-12T14:40+00:00,17901,13.5,45
2026-03-12T14:50+00:00,17901,13.6,45
2026-03-12T15:00+00:00,17901,13.5,45
2026-03-12T15:10+00:00,17901,13.5,45
2026-03-12T15:20+00:00,17901,13.5,46
2026-03-12T15:30+00:00,17901,13.3,47
2026-03-12T15:40+00:00,17901,13.2,47
2026-03-12T15:50+00:00,17901,13.0,47
2026-03-12T16:00+00:00,17901,12.7,48
2026-03-12T16:10+00:00,17901,12.6,47
2026-03-12T16:20+00:00,17901,12.4,49
2026-03-12T16:30+00:00,17901,12.4,49
2026-03-12T16:40+00:00,17901,12.2,50
2026-03-12T16:50+00:00,17901,11.9,50
2026-03-12T17:00+00:00,17901,11.7,51
2026-03-12T17:10+00:00,17901,11.0,54
2026-03-12T17:20+00:00,17901,10.5,55
2026-03-12T17:30+00:00,17901,10.3,56
2026-03-12T17:40+00:00,17901,10.1,57
2026-03-12T17:50+00:00,17901,9.4,60
2026-03-12T18:00+00:00,17901,9.1,62
2026-03-12T18:10+00:00,17901,9.0,63
2026-03-12T18:20+00:00,17901,8.8,65
2026-03-12T18:30+00:00,17901,9.0,63
2026-03-12T18:40+00:00,17901,8.7,64
2026-03-12T18:50+00:00,17901,9.0,62
2026-03-12T19:00+00:00,17901,9.0,63
2026-03-12T19:10+00:00,17901,8.9,65
2026-03-12T19:20+00:00,17901,8.6,65
2026-03-12T19:30+00:00,17901,8.5,65
2026-03-12T19:40+00:00,17901,8.1,69
2026-03-12T19:50+00:00,17901,8.4,66
2026-03-12T20:00+00:00,17901,8.4,66
2026-03-12T20:10+00:00,17901,8.1,68
2026-03-12T20:20+00:00,17901,7.9,69
2026-03-12T20:30+00:00,17901,7.8,70
2026-03-12T20:40+00:00,17901,7.8,69
2026-03-12T20:50+00:00,17901,7.4,71
2026-03-12T21:00+00:00,17901,7.5,71
2026-03-12T21:10+00:00,17901,7.6,71
2026-03-12T21:20+00:00,17901,7.0,76
2026-03-12T21:30+00:00,17901,7.1,74
2026-03-12T21:40+00:00,17901,7.2,73
2026-03-12T21:50+00:00,17901,7.2,72
2026-03-12T22:00+00:00,17901,7.6,70
2026-03-12T22:10+00:00,17901,7.3,72
2026-03-12T22:20+00:00,17901,7.5,71
2026-03-12T22:30+00:00,17901,7.3,71
2026-03-12T22:40+00:00,17901,7.2,72
2026-03-12T22:50+00:00,17901,6.9,74
2026-03-12T23:00+00:00,17901,6.7,75
2026-03-12T23:10+00:00,17901,6.7,74
2026-03-12T23:20+00:00,17901,6.7,74
2026-03-12T23:30+00:00,17901,6.5,75
2026-03-12T23:40+00:00,17901,6.6,75
2026-03-12T23:50+00:00,17901,6.0,79
2026-03-13T00:00+00:00,17901,6.2,77
2026-03-13T00:10+00:00,17901,6.1,79
2026-03-13T00:20+00:00,17901,6.4,77
2026-03-13T00:30+00:00,17901,6.1,79
2026-03-13T00:40+00:00,17901,6.0,79
2026-03-13T00:50+00:00,17901,6.2,76
2026-03-13T01:00+00:00,17901,6.4,77
2026-03-13T01:10+00:00,17901,6.3,76
2026-03-13T01:20+00:00,17901,5.9,79
2026-03-13T01:30+00:00,17901,5.7,80
2026-03-13T01:40+00:00,17901,5.7,81
2026-03-13T01:50+00:00,17901,5.6,81
2026-03-13T02:00+00:00,17901,5.4,81
2026-03-13T02:10+00:00,17901,5.0,83
2026-03-13T02:20+00:00,17901,5.1,82
2026-03-13T02:30+00:00,17901,5.0,83
2026-03-13T02:40+00:00,17901,5.0,83
2026-03-13T02:50+00:00,17901,4.9,84
2026-03-13T03:00+00:00,17901,4.8,84
2026-03-13T03:10+00:00,17901,4.8,83
2026-03-13T03:20+00:00,17901,4.9,84
2026-03-13T03:30+00:00,17901,4.6,85
2026-03-13T03:40+00:00,17901,4.5,85
2026-03-13T03:50+00:00,17901,4.4,86
2026-03-13T04:00+00:00,17901,4.3,86
2026-03-13T04:10+00:00,17901,4.3,85
2026-03-13T04:20+00:00,17901,4.5,85
2026-03-13T04:30+00:00,17901,4.1,86
2026-03-13T04:40+00:00,17901,3.8,88
2026-03-13T04:50+00:00,17901,3.8,87
2026-03-13T05:00+00:00,17901,4.0,87
2026-03-13T05:10+00:00,17901,4.0,87
2026-03-13T05:20+00:00,17901,4.0,87
2026-03-13T05:30+00:00,17901,4.1,86
2026-03-13T05:40+00:00,17901,4.1,87
2026-03-13T05:50+00:00,17901,4.3,86
2026-03-13T06:00+00:00,17901,4.2,86
2026-03-13T06:10+00:00,17901,4.1,87
2026-03-13T06:20+00:00,17901,4.3,86
2026-03-13T06:30+00:00,17901,4.1,88
2026-03-13T06:40+00:00,17901,4.7,85
2026-03-13T06:50+00:00,17901,5.1,84
2026-03-13T07:00+00:00,17901,5.6,81
2026-03-13T07:10+00:00,17901,7.2,75
2026-03-13T07:20+00:00,17901,7.9,71
2026-03-13T07:30+00:00,17901,7.7,71
2026-03-13T07:40+00:00,17901,8.3,69
2026-03-13T07:50+00:00,17901,8.3,67
2026-03-13T08:00+00:00,17901,8.5,66
2026-03-13T08:10+00:00,17901,9.1,64
2026-03-13T08:20+00:00,17901,8.6,65
2026-03-13T08:30+00:00,17901,8.7,65
2026-03-13T08:40+00:00,17901,8.6,66
2026-03-13T08:50+00:00,17901,8.6,64
2026-03-13T09:00+00:00,17901,9.9,62
2026-03-13T09:10+00:00,17901,10.0,61
2026-03-13T09:20+00:00,17901,9.6,61
2026-03-13T09:30+00:00,17901,9.4,63
2026-03-13T09:40+00:00,17901,9.6,63
2026-03-13T09:50+00:00,17901,9.7,63
2026-03-13T10:00+00:00,17901,9.7,63
2026-03-13T10:10+00:00,17901,10.0,62
2026-03-13T10:20+00:00,17901,10.2,62
2026-03-13T10:30+00:00,17901,10.0,62
2026-03-13T10:40+00:00,17901,10.3,61
2026-03-13T10:50+00:00,17901,11.9,58
2026-03-13T11:00+00:00,17901,12.1,56
2026-03-13T11:10+00:00,17901,12.8,52
2026-03-13T11:20+00:00,17901,12.2,55
2026-03-13T11:30+00:00,17901,12.9,52
2026-03-13T11:40+00:00,17901,13.1,52
2026-03-13T11:50+00:00,17901,13.4,50
2026-03-13T12:00+00:00,17901,13.7,49
2026-03-13T12:10+00:00,17901,13.2,51
2026-03-13T12:20+00:00,17901,14.4,47
2026-03-13T12:30+00:00,17901,14.4,46
2026-03-13T12:40+00:00,17901,14.3,46
2026-03-13T12:50+00:00,17901,14.3,46
2026-03-13T13:00+00:00,17901,14.3,45
2026-03-13T13:10+00:00,17901,14.8,43
2026-03-13T13:20+00:00,17901,14.9,44
2026-03-13T13:30+00:00,17901,14.8,43
2026-03-13T13:40+00:00,17901,14.7,42
2026-03-13T13:50+00:00,17901,14.7,43
2026-03-13T14:00+00:00,17901,14.6,43
2026-03-13T14:10+00:00,17901,15.1,42
2026-03-13T14:20+00:00,17901,14.7,42
2026-03-13T14:30+00:00,17901,14.7,42
2026-03-13T14:40+00:00,17901,14.5,43
2026-03-13T14:50+00:00,17901,14.5,44
2026-03-13T15:00+00:00,17901,14.2,44
2026-03-13T15:10+00:00,17901,14.1,44
2026-03-13T15:20+00:00,17901,13.9,44
2026-03-13T15:30+00:00,17901,13.7,45
2026-03-13T15:40+00:00,17901,13.4,45
2026-03-13T15:50+00:00,17901,13.4,45
2026-03-13T16:00+00:00,17901,13.3,45
2026-03-13T16:10+00:00,17901,13.0,46
2026-03-13T16:20+00:00,17901,12.5,47
2026-03-13T16:30+00:00,17901,12.3,48
2026-03-13T16:40+00:00,17901,12.2,48
2026-03-13T16:50+00:00,17901,12.1,48
2026-03-13T17:00+00:00,17901,11.9,49
2026-03-13T17:10+00:00,17901,11.4,51
2026-03-13T17:20+00:00,17901,10.6,54
2026-03-13T17:30+00:00,17901,10.2,55
2026-03-13T17:40+00:00,17901,10.3,55
2026-03-13T17:50+00:00,17901,10.5,55
2026-03-13T18:00+00:00,17901,10.0,56
2026-03-13T18:10+00:00,17901,9.9,57
2026-03-13T18:20+00:00,17901,9.6,59
2026-03-13T18:30+00:00,17901,8.8,61
2026-03-13T18:40+00:00,17901,7.9,65
2026-03-13T18:50+00:00,17901,7.5,66
2026-03-13T19:00+00:00,17901,7.2,67
2026-03-13T19:10+00:00,17901,6.9,68
2026-03-13T19:20+00:00,17901,6.6,71
2026-03-13T19:30+00:00,17901,6.5,70
2026-03-13T19:40+00:00,17901,6.3,71
2026-03-13T19:50+00:00,17901,6.3,70
2026-03-13T20:00+00:00,17901,5.7,73
2026-03-13T20:10+00:00,17901,6.2,70
2026-03-13T20:20+00:00,17901,5.3,74
2026-03-13T20:30+00:00,17901,5.0,76
2026-03-13T20:40+00:00,17901,4.9,76
2026-03-13T20:50+00:00,17901,4.6,76
2026-03-13T21:00+00:00,17901,4.7,77
2026-03-13T21:10+00:00,17901,4.6,77
2026-03-13T21:20+00:00,17901,4.3,78
2026-03-13T21:30+00:00,17901,4.0,79
2026-03-13T21:40+00:00,17901,3.6,80
2026-03-13T21:50+00:00,17901,3.8,80
2026-03-13T22:00+00:00,17901,4.1,80
2026-03-13T22:10+00:00,17901,4.2,80
2026-03-13T22:20+00:00,17901,4.0,81
2026-03-13T22:30+00:00,17901,4.0,82
2026-03-13T22:40+00:00,17901,3.9,82
2026-03-13T22:50+00:00,17901,4.0,82
2026-03-13T23:00+00:00,17901,3.8,82
2026-03-13T23:10+00:00,17901,4.0,81
2026-03-13T23:20+00:00,17901,3.9,83
2026-03-13T23:30+00:00,17901,3.9,83
2026-03-13T23:40+00:00,17901,4.2,81
2026-03-13T23:50+00:00,17901,4.0,82
2026-03-14T00:00+00:00,17901,4.0,82
2026-03-14T00:10+00:00,17901,3.7,82
2026-03-14T00:20+00:00,17901,3.9,82
2026-03-14T00:30+00:00,17901,3.9,82
2026-03-14T00:40+00:00,17901,3.8,83
2026-03-14T00:50+00:00,17901,3.7,85
2026-03-14T01:00+00:00,17901,3.9,83
2026-03-14T01:10+00:00,17901,3.9,83
2026-03-14T01:20+00:00,17901,3.6,84
2026-03-14T01:30+00:00,17901,3.7,84
2026-03-14T01:40+00:00,17901,4.1,82
2026-03-14T01:50+00:00,17901,3.5,84
2026-03-14T02:00+00:00,17901,3.1,87
2026-03-14T02:10+00:00,17901,3.0,86
2026-03-14T02:20+00:00,17901,3.1,86
2026-03-14T02:30+00:00,17901,3.3,85
2026-03-14T02:40+00:00,17901,3.1,85
2026-03-14T02:50+00:00,17901,3.2,85
2026-03-14T03:00+00:00,17901,2.9,87
2026-03-14T03:10+00:00,17901,3.1,86
2026-03-14T03:20+00:00,17901,3.1,87
2026-03-14T03:30+00:00,17901,3.1,87
2026-03-14T03:40+00:00,17901,3.2,86
2026-03-14T03:50+00:00,17901,3.1,86
2026-03-14T04:00+00:00,17901,3.3,87
2026-03-14T04:10+00:00,17901,3.5,86
2026-03-14T04:20+00:00,17901,3.3,86
2026-03-14T04:30+00:00,17901,3.2,87
2026-03-14T04:40+00:00,17901,3.3,86
2026-03-14T04:50+00:00,17901,3.3,87
2026-03-14T05:00+00:00,17901,3.4,86
2026-03-14T05:10+00:00,17901,3.3,87
2026-03-14T05:20+00:00,17901,3.2,87
2026-03-14T05:30+00:00,17901,3.2,87
2026-03-14T05:40+00:00,17901,3.2,87
2026-03-14T05:50+00:00,17901,3.3,87
2026-03-14T06:00+00:00,17901,3.2,88
2026-03-14T06:10+00:00,17901,3.3,87
2026-03-14T06:20+00:00,17901,3.1,88
2026-03-14T06:30+00:00,17901,3.6,87
2026-03-14T06:40+00:00,17901,3.5,87
2026-03-14T06:50+00:00,17901,3.8,85
2026-03-14T07:00+00:00,17901,4.2,85
2026-03-14T07:10+00:00,17901,4.2,85
2026-03-14T07:20+00:00,17901,4.4,84
2026-03-14T07:30+00:00,17901,4.5,85
2026-03-14T07:40+00:00,17901,4.7,84
2026-03-14T07:50+00:00,17901,4.9,83
2026-03-14T08:00+00:00,17901,5.3,82
2026-03-14T08:10+00:00,17901,5.5,81
2026-03-14T08:20+00:00,17901,6.0,79
2026-03-14T08:30+00:00,17901,6.2,79
2026-03-14T08:40+00:00,17901,6.6,76
2026-03-14T08:50+00:00,17901,6.8,75
2026-03-14T09:00+00:00,17901,7.2,73
2026-03-14T09:10+00:00,17901,7.8,72
2026-03-14T09:20+00:00,17901,8.1,70
2026-03-14T09:30+00:00,17901,8.5,68
2026-03-14T09:40+00:00,17901,8.7,69
2026-03-14T09:50+00:00,17901,9.1,67
2026-03-14T10:00+00:00,17901,9.5,62
2026-03-14T10:10+00:00,17901,9.5,64
2026-03-14T10:20+00:00,17901,9.5,63
2026-03-14T10:30+00:00,17901,9.5,61
2026-03-14T10:40+00:00,17901,9.7,59
2026-03-14T10:50+00:00,17901,10.0,58
2026-03-14T11:00+00:00,17901,9.9,59
2026-03-14T11:10+00:00,17901,10.4,59
2026-03-14T11:20+00:00,17901,10.7,55
2026-03-14T11:30+00:00,17901,10.3,57
2026-03-14T11:40+00:00,17901,9.8,61
2026-03-14T11:50+00:00,17901,9.6,62
2026-03-14T12:00+00:00,17901,9.2,65
2026-03-14T12:10+00:00,17901,9.0,65
2026-03-14T12:20+00:00,17901,8.7,68
2026-03-14T12:30+00:00,17901,8.5,68
2026-03-14T12:40+00:00,17901,8.5,68
2026-03-14T12:50+00:00,17901,8.6,69
2026-03-14T13:00+00:00,17901,8.9,69
2026-03-14T13:10+00:00,17901,9.0,69
2026-03-14T13:20+00:00,17901,9.2,68
2026-03-14T13:30+00:00,17901,9.2,66
2026-03-14T13:40+00:00,17901,9.5,65
2026-03-14T13:50+00:00,17901,9.8,60
2026-03-14T14:00+00:00,17901,10.0,60
2026-03-14T14:10+00:00,17901,9.7,62
2026-03-14T14:20+00:00,17901,10.1,59
2026-03-14T14:30+00:00,17901,10.0,60
2026-03-14T14:40+00:00,17901,9.7,62
2026-03-14T14:50+00:00,17901,9.6,62
2026-03-14T15:00+00:00,17901,9.7,60
2026-03-14T15:10+00:00,17901,9.8,59
2026-03-14T15:20+00:00,17901,10.1,57
2026-03-14T15:30+00:00,17901,10.1,56
2026-03-14T15:40+00:00,17901,10.0,55
2026-03-14T15:50+00:00,17901,9.8,58
2026-03-14T16:00+00:00,17901,9.5,62
2026-03-14T16:10+00:00,17901,9.0,66
2026-03-14T16:20+00:00,17901,8.7,67
2026-03-14T16:30+00:00,17901,8.3,69
2026-03-14T16:40+00:00,17901,8.2,69
2026-03-14T16:50+00:00,17901,8.1,70
2026-03-14T17:00+00:00,17901,7.8,72
2026-03-14T17:10+00:00,17901,7.5,74
2026-03-14T17:20+00:00,17901,7.3,76
2026-03-14T17:30+00:00,17901,6.9,78
2026-03-14T17:40+00:00,17901,6.9,78
2026-03-14T17:50+00:00,17901,6.8,79
2026-03-14T18:00+00:00,17901,6.8,79
2026-03-14T18:10+00:00,17901,6.8,78
2026-03-14T18:20+00:00,17901,6.8,79
2026-03-14T18:30+00:00,17901,6.6,79
2026-03-14T18:40+00:00,17901,6.7,79
2026-03-14T18:50+00:00,17901,6.9,76
2026-03-14T19:00+00:00,17901,6.9,77
2026-03-14T19:10+00:00,17901,6.9,76
2026-03-14T19:20+00:00,17901,6.8,76
2026-03-14T19:30+00:00,17901,6.8,77
2026-03-14T19:40+00:00,17901,6.7,77
2026-03-14T19:50+00:00,17901,6.4,80
2026-03-14T20:00+00:00,17901,6.5,79
2026-03-14T20:10+00:00,17901,6.7,76
2026-03-14T20:20+00:00,17901,6.4,80
2026-03-14T20:30+00:00,17901,6.2,80
2026-03-14T20:40+00:00,17901,6.1,81
2026-03-14T20:50+00:00,17901,6.0,81
2026-03-14T21:00+00:00,17901,6.1,80
2026-03-14T21:10+00:00,17901,6.0,81
2026-03-14T21:20+00:00,17901,6.2,78
2026-03-14T21:30+00:00,17901,6.1,80
2026-03-14T21:40+00:00,17901,6.1,80
2026-03-14T21:50+00:00,17901,6.4,78
2026-03-14T22:00+00:00,17901,6.2,79
2026-03-14T22:10+00:00,17901,6.2,80
2026-03-14T22:20+00:00,17901,6.0,82
2026-03-14T22:30+00:00,17901,5.8,85
2026-03-14T22:40+00:00,17901,5.6,86
2026-03-14T22:50+00:00,17901,5.6,87
2026-03-14T23:00+00:00,17901,5.7,84
2026-03-14T23:10+00:00,17901,5.5,87
2026-03-14T23:20+00:00,17901,5.6,86
2026-03-14T23:30+00:00,17901,5.7,84
2026-03-14T23:40+00:00,17901,5.7,84
2026-03-14T23:50+00:00,17901,5.5,86
2026-03-15T00:00+00:00,17901,5.5,86
2026-03-15T00:10+00:00,17901,5.5,87
2026-03-15T00:20+00:00,17901,5.6,86
2026-03-15T00:30+00:00,17901,5.4,87
2026-03-15T00:40+00:00,17901,5.3,90
2026-03-15T00:50+00:00,17901,5.3,90
2026-03-15T01:00+00:00,17901,5.1,91
2026-03-15T01:10+00:00,17901,5.1,91
2026-03-15T01:20+00:00,17901,4.8,94
2026-03-15T01:30+00:00,17901,4.9,94
2026-03-15T01:40+00:00,17901,4.8,94
2026-03-15T01:50+00:00,17901,4.9,94
2026-03-15T02:00+00:00,17901,4.9,94
2026-03-15T02:10+00:00,17901,4.7,94
2026-03-15T02:20+00:00,17901,4.8,94
2026-03-15T02:30+00:00,17901,4.7,95
2026-03-15T02:40+00:00,17901,4.8,95
2026-03-15T02:50+00:00,17901,4.9,95
2026-03-15T03:00+00:00,17901,4.9,95
2026-03-15T03:10+00:00,17901,4.8,95
2026-03-15T03:20+00:00,17901,4.8,95
2026-03-15T03:30+00:00,17901,4.8,94
2026-03-15T03:40+00:00,17901,4.7,94
2026-03-15T03:50+00:00,17901,4.7,94
2026-03-15T04:00+00:00,17901,4.7,95
2026-03-15T04:10+00:00,17901,4.7,95
2026-03-15T04:20+00:00,17901,4.7,95
2026-03-15T04:30+00:00,17901,4.6,95
2026-03-15T04:40+00:00,17901,4.6,95
2026-03-15T04:50+00:00,17901,4.7,95
2026-03-15T05:00+00:00,17901,4.6,96
2026-03-15T05:10+00:00,17901,4.6,96
2026-03-15T05:20+00:00,17901,4.6,96
2026-03-15T05:30+00:00,17901,4.6,96
2026-03-15T05:40+00:00,17901,4.7,96
2026-03-15T05:50+00:00,17901,4.8,96
2026-03-15T06:00+00:00,17901,4.7,96
2026-03-15T06:10+00:00,17901,4.7,96
2026-03-15T06:20+00:00,17901,4.9,96
2026-03-15T06:30+00:00,17901,4.9,96
2026-03-15T06:40+00:00,17901,5.0,96
2026-03-15T06:50+00:00,17901,5.1,96
2026-03-15T07:00+00:00,17901,5.2,95
2026-03-15T07:10+00:00,17901,5.1,95
2026-03-15T07:20+00:00,17901,5.1,96
2026-03-15T07:30+00:00,17901,5.2,95
2026-03-15T07:40+00:00,17901,5.3,95
2026-03-15T07:50+00:00,17901,5.3,96
2026-03-15T08:00+00:00,17901,5.4,95
2026-03-15T08:10+00:00,17901,5.3,95
2026-03-15T08:20+00:00,17901,5.4,94
2026-03-15T08:30+00:00,17901,5.6,93
2026-03-15T08:40+00:00,17901,5.7,93
2026-03-15T08:50+00:00,17901,5.9,92
2026-03-15T09:00+00:00,17901,6.1,91
2026-03-15T09:10+00:00,17901,6.1,90
2026-03-15T09:20+00:00,17901,6.2,90
2026-03-15T09:30+00:00,17901,6.3,88
2026-03-15T09:40+00:00,17901,6.4,88
2026-03-15T09:50+00:00,17901,6.6,88
2026-03-15T10:00+00:00,17901,6.5,86
2026-03-15T10:10+00:00,17901,6.7,85
2026-03-15T10:20+00:00,17901,6.8,86
2026-03-15T10:30+00:00,17901,6.9,87
2026-03-15T10:40+00:00,17901,6.8,87
2026-03-15T10:50+00:00,17901,6.8,88
2026-03-15T11:00+00:00,17901,6.8,89
2026-03-15T11:10+00:00,17901,6.7,90
2026-03-15T11:20+00:00,17901,6.8,88
2026-03-15T11:30+00:00,17901,7.0,88
2026-03-15T11:40+00:00,17901,7.2,86
2026-03-15T11:50+00:00,17901,7.4,86
2026-03-15T12:00+00:00,17901,7.7,85
2026-03-15T12:10+00:00,17901,7.8,83
2026-03-15T12:20+00:00,17901,7.9,83
2026-03-15T12:30+00:00,17901,8.1,80
2026-03-15T12:40+00:00,17901,8.3,81
2026-03-15T12:50+00:00,17901,8.8,80
2026-03-15T13:00+00:00,17901,9.1,71
2026-03-15T13:10+00:00,17901,9.5,69
2026-03-15T13:20+00:00,17901,9.2,73
2026-03-15T13:30+00:00,17901,9.6,71
2026-03-15T13:40+00:00,17901,10.0,72
2026-03-15T13:50+00:00,17901,10.2,70
2026-03-15T14:00+00:00,17901,10.4,67
2026-03-15T14:10+00:00,17901,10.3,68
2026-03-15T14:20+00:00,17901,10.5,72
2026-03-15T14:30+00:00,17901,10.5,71
2026-03-15T14:40+00:00,17901,10.3,71
2026-03-15T14:50+00:00,17901,10.5,70
2026-03-15T15:00+00:00,17901,10.7,69
2026-03-15T15:10+00:00,17901,10.8,69
2026-03-15T15:20+00:00,17901,11.1,69
2026-03-15T15:30+00:00,17901,11.5,65
2026-03-15T15:40+00:00,17901,11.6,64
2026-03-15T15:50+00:00,17901,11.5,62
2026-03-15T16:00+00:00,17901,11.3,62
2026-03-15T16:10+00:00,17901,11.3,63
2026-03-15T16:20+00:00,17901,10.9,67
2026-03-15T16:30+00:00,17901,10.4,69
2026-03-15T16:40+00:00,17901,10.0,72
2026-03-15T16:50+00:00,17901,9.9,72
2026-03-15T17:00+00:00,17901,9.5,76
2026-03-15T17:10+00:00,17901,9.2,78
2026-03-15T17:20+00:00,17901,9.1,75
2026-03-15T17:30+00:00,17901,8.1,84
2026-03-15T17:40+00:00,17901,7.8,82
2026-03-15T17:50+00:00,17901,7.3,86
2026-03-15T18:00+00:00,17901,7.0,90
2026-03-15T18:10+00:00,17901,6.6,89
2026-03-15T18:20+00:00,17901,6.7,88
2026-03-15T18:30+00:00,17901,6.5,88
2026-03-15T18:40+00:00,17901,6.0,90
2026-03-15T18:50+00:00,17901,5.8,92
2026-03-15T19:00+00:00,17901,6.0,92
2026-03-15T19:10+00:00,17901,5.3,92
2026-03-15T19:20+00:00,17901,5.5,92
2026-03-15T19:30+00:00,17901,6.1,87
2026-03-15T19:40+00:00,17901,5.9,86
2026-03-15T19:50+00:00,17901,6.2,83
2026-03-15T20:00+00:00,17901,6.4,81
2026-03-15T20:10+00:00,17901,5.8,87
2026-03-15T20:20+00:00,17901,6.0,84
2026-03-15T20:30+00:00,17901,5.7,87
2026-03-15T20:40+00:00,17901,6.1,81
2026-03-15T20:50+00:00,17901,6.1,81
2026-03-15T21:00+00:00,17901,6.1,81
2026-03-15T21:10+00:00,17901,6.1,81
2026-03-15T21:20+00:00,17901,5.8,82
2026-03-15T21:30+00:00,17901,5.9,79
2026-03-15T21:40+00:00,17901,6.0,79
2026-03-15T21:50+00:00,17901,5.7,80
2026-03-15T22:00+00:00,17901,5.3,82
2026-03-15T22:10+00:00,17901,4.9,85
2026-03-15T22:20+00:00,17901,4.7,86
2026-03-15T22:30+00:00,17901,4.4,88
2026-03-15T22:40+00:00,17901,4.4,89
2026-03-15T22:50+00:00,17901,4.3,89
2026-03-15T23:00+00:00,17901,4.2,88
2026-03-15T23:10+00:00,17901,4.3,87
2026-03-15T23:20+00:00,17901,4.2,88
2026-03-15T23:30+00:00,17901,4.2,88
2026-03-15T23:40+00:00,17901,4.1,89
2026-03-15T23:50+00:00,17901,4.3,88
2026-03-16T00:00+00:00,17901,4.4,86
2026-03-16T00:10+00:00,17901,4.5,84
2026-03-16T00:20+00:00,17901,4.4,85
2026-03-16T00:30+00:00,17901,4.2,87
2026-03-16T00:40+00:00,17901,3.9,89
2026-03-16T00:50+00:00,17901,4.0,88
2026-03-16T01:00+00:00,17901,4.1,87
2026-03-16T01:10+00:00,17901,3.9,87
2026-03-16T01:20+00:00,17901,4.0,86
2026-03-16T01:30+00:00,17901,3.9,88
2026-03-16T01:40+00:00,17901,3.8,88
2026-03-16T01:50+00:00,17901,3.5,90
2026-03-16T02:00+00:00,17901,3.8,88
2026-03-16T02:10+00:00,17901,3.6,88
2026-03-16T02:20+00:00,17901,3.5,87
2026-03-16T02:30+00:00,17901,3.8,86
2026-03-16T02:40+00:00,17901,2.9,91
2026-03-16T02:50+00:00,17901,2.8,92
2026-03-16T03:00+00:00,17901,2.6,92
2026-03-16T03:10+00:00,17901,2.6,92
2026-03-16T03:20+00:00,17901,2.5,92
2026-03-16T03:30+00:00,17901,2.5,92
2026-03-16T03:40+00:00,17901,1.8,92
2026-03-16T03:50+00:00,17901,2.0,93
2026-03-16T04:00+00:00,17901,2.1,93
2026-03-16T04:10+00:00,17901,1.7,93
2026-03-16T04:20+00:00,17901,1.7,93
2026-03-16T04:30+00:00,17901,2.0,92
2026-03-16T04:40+00:00,17901,1.8,92
2026-03-16T04:50+00:00,17901,1.5,92
2026-03-16T05:00+00:00,17901,1.7,92
2026-03-16T05:10+00:00,17901,1.9,92
2026-03-16T05:20+00:00,17901,1.5,93
2026-03-16T05:30+00:00,17901,1.8,93
2026-03-16T05:40+00:00,17901,1.6,93
2026-03-16T05:50+00:00,17901,1.7,93
2026-03-16T06:00+00:00,17901,1.9,94
2026-03-16T06:10+00:00,17901,1.9,94
2026-03-16T06:20+00:00,17901,2.1,92
2026-03-16T06:30+00:00,17901,2.2,91
2026-03-16T06:40+00:00,17901,2.3,90
2026-03-16T06:50+00:00,17901,2.6,91
2026-03-16T07:00+00:00,17901,3.6,88
2026-03-16T07:10+00:00,17901,4.4,83
2026-03-16T07:20+00:00,17901,5.5,79
2026-03-16T07:30+00:00,17901,5.8,77
2026-03-16T07:40+00:00,17901,5.4,78
2026-03-16T07:50+00:00,17901,5.5,78
2026-03-16T08:00+00:00,17901,5.8,78
2026-03-16T08:10+00:00,17901,6.6,75
2026-03-16T08:20+00:00,17901,7.3,72
2026-03-16T08:30+00:00,17901,7.3,69
2026-03-16T08:40+00:00,17901,8.1,67
2026-03-16T08:50+00:00,17901,8.3,65
2026-03-16T09:00+00:00,17901,8.0,65
2026-03-16T09:10+00:00,17901,8.5,63
2026-03-16T09:20+00:00,17901,9.3,60
2026-03-16T09:30+00:00,17901,9.6,57
2026-03-16T09:40+00:00,17901,10.7,56
2026-03-16T09:50+00:00,17901,10.9,54
2026-03-16T10:00+00:00,17901,11.6,53
2026-03-16T10:10+00:00,17901,11.5,55
2026-03-16T10:20+00:00,17901,11.2,54
2026-03-16T10:30+00:00,17901,11.0,54
2026-03-16T10:40+00:00,17901,11.0,57
2026-03-16T10:50+00:00,17901,10.7,58
2026-03-16T11:00+00:00,17901,11.3,50
2026-03-16T11:10+00:00,17901,11.1,48
2026-03-16T11:20+00:00,17901,10.6,48
2026-03-16T11:30+00:00,17901,10.5,51
2026-03-16T11:40+00:00,17901,10.3,53
2026-03-16T11:50+00:00,17901,9.8,63
2026-03-16T12:00+00:00,17901,9.4,63
2026-03-16T12:10+00:00,17901,9.3,65
2026-03-16T12:20+00:00,17901,9.7,65
2026-03-16T12:30+00:00,17901,9.9,65
2026-03-16T12:40+00:00,17901,10.0,63
2026-03-16T12:50+00:00,17901,10.3,61
2026-03-16T13:00+00:00,17901,10.9,60
2026-03-16T13:10+00:00,17901,11.9,52
2026-03-16T13:20+00:00,17901,12.4,46
2026-03-16T13:30+00:00,17901,12.2,45
2026-03-16T13:40+00:00,17901,11.9,45
2026-03-16T13:50+00:00,17901,11.8,47
2026-03-16T14:00+00:00,17901,11.7,45
2026-03-16T14:10+00:00,17901,11.7,45
2026-03-16T14:20+00:00,17901,11.7,46
2026-03-16T14:30+00:00,17901,11.6,48
2026-03-16T14:40+00:00,17901,11.5,49
2026-03-16T14:50+00:00,17901,10.8,57
2026-03-16T15:00+00:00,17901,10.3,60
2026-03-16T15:10+00:00,17901,10.0,62
2026-03-16T15:20+00:00,17901,9.8,63
2026-03-16T15:30+00:00,17901,9.8,62
2026-03-16T15:40+00:00,17901,9.7,63
2026-03-16T15:50+00:00,17901,9.6,63
2026-03-16T16:00+00:00,17901,9.6,64
2026-03-16T16:10+00:00,17901,9.5,64
2026-03-16T16:20+00:00,17901,9.4,65
2026-03-16T16:30+00:00,17901,9.3,65
2026-03-16T16:40+00:00,17901,9.3,66
2026-03-16T16:50+00:00,17901,9.1,66
2026-03-16T17:00+00:00,17901,8.9,68
2026-03-16T17:10+00:00,17901,8.5,70
2026-03-16T17:20+00:00,17901,8.1,72
2026-03-16T17:30+00:00,17901,8.0,72
2026-03-16T17:40+00:00,17901,7.8,73
2026-03-16T17:50+00:00,17901,7.5,74
2026-03-16T18:00+00:00,17901,7.1,75
2026-03-16T18:10+00:00,17901,7.0,76
2026-03-16T18:20+00:00,17901,6.5,77
2026-03-16T18:30+00:00,17901,6.1,77
2026-03-16T18:40+00:00,17901,6.3,79
2026-03-16T18:50+00:00,17901,6.2,78
2026-03-16T19:00+00:00,17901,5.6,80
2026-03-16T19:10+00:00,17901,4.5,83
2026-03-16T19:20+00:00,17901,3.9,86
2026-03-16T19:30+00:00,17901,4.0,85
2026-03-16T19:40+00:00,17901,4.0,87
2026-03-16T19:50+00:00,17901,3.8,86
2026-03-16T20:00+00:00,17901,3.2,86
2026-03-16T20:10+00:00,17901,2.7,89
2026-03-16T20:20+00:00,17901,2.8,87
2026-03-16T20:30+00:00,17901,3.2,87
2026-03-16T20:40+00:00,17901,2.8,88
2026-03-16T20:50+00:00,17901,2.6,89
2026-03-16T21:00+00:00,17901,2.9,87
2026-03-16T21:10+00:00,17901,2.9,89
2026-03-16T21:20+00:00,17901,2.3,89
2026-03-16T21:30+00:00,17901,2.7,88
2026-03-16T21:40+00:00,17901,2.7,88
2026-03-16T21:50+00:00,17901,2.9,88
2026-03-16T22:00+00:00,17901,3.3,87
2026-03-16T22:10+00:00,17901,3.3,88
2026-03-16T22:20+00:00,17901,5.1,70
2026-03-16T22:30+00:00,17901,5.1,69
2026-03-16T22:40+00:00,17901,5.1,69
2026-03-16T22:50+00:00,17901,5.1,67
2026-03-16T23:00+00:00,17901,5.1,66
2026-03-16T23:10+00:00,17901,4.3,71
2026-03-16T23:20+00:00,17901,4.4,71
2026-03-16T23:30+00:00,17901,4.6,68
2026-03-16T23:40+00:00,17901,3.8,73
2026-03-16T23:50+00:00,17901,3.5,75
2026-03-17T00:00+00:00,17901,3.2,75
